정류소 명,X 좌표,Y 좌표
대명시장앞,12834.6278,3551.5214
대명시장건너,12834.6689,3551.5184
계명대학교대명캠퍼스앞,12834.8509,3551.4267
계명대학교대명캠퍼스건너,12834.8004,3551.4605
중부소방서건너,12834.5403,3551.7872
중부소방서앞,12834.6056,3551.7831
대신센트럴자이,12834.6787,3551.8217
신남역(1번출구),12834.8715,3551.8807
엘디스리젠트호텔건너,12835.2044,3551.9649
엘디스리젠트호텔앞,12835.1149,3551.9586
현대백화점.동아쇼핑건너,12835.4056,3551.9538
봉산문화거리앞,12835.831,3551.8805
2호선반월당역1,12835.73706,3551.91543
봉산문화거리건너,12835.8167,3551.9012
반월당역(2번출구),12835.5947,3551.7615
반월당역(1번출구)1,12835.5896,3551.8008
남문시장건너2,12835.5238,3551.5737
남문시장앞,12835.5288,3551.6227
명덕역(6번출구),12835.4721,3551.4685
명덕역(7번출구),12835.4632,3551.4741
명덕네거리1,12835.5212,3551.4093
명덕네거리2,12835.5478,3551.4075
상수도사업본부건너,12835.7695,3551.3859
상수도사업본부,12835.8364,3551.3612
명덕초등학교앞,12835.2905,3551.4128
명덕초등학교건너,12835.2869,3551.4043
남산역(프린스호텔건너),12835.0919,3551.3925
남산역건너(프린스호텔앞),12835.03845,3551.379762
경북공고앞,12834.9642,3551.4735
경북공고건너,12834.9579,3551.5204
남산초등학교앞,12834.9522,3551.7431
남산초등학교건너,12834.9439,3551.7635
남산2동주민센터건너,12835.3121,3551.8934
남문아파트앞,12835.4575,3551.7076
대구향교앞,12835.74634,3551.609021
대구향교건너,12835.7529,3551.6159
약령시건너(동성로입구),12835.6217,3552.0705
약령시앞,12835.6229,3552.1409
경상감영공원건너,12835.662,3552.362
경상감영공원앞,12835.6709,3552.4233
경진테크빌앞,12835.2665,3552.4927
경진테크빌건너,12835.2625,3552.4762
성내3동주민센터입구,12835.2487,3552.357
호텔아미고뒤,12835.246,3552.29
수창초등학교,12834.9305,3552.543
달성공원앞,12834.9211,3552.4754
동산의료원앞1,12834.9426,3552.1131
서문시장,12834.9357,3552.0435
동산의료원앞2,12834.94,3552.0419
대신동광명맨션앞,12834.5328,3551.998
서문시장5지구앞,12834.715,3552.1368
섬유회관앞,12835.0324,3552.237
섬유회관건너1,12834.9998,3552.2408
섬유회관건너2,12835.1225,3552.229
곽병원앞2,12835.357,3552.2212
곽병원건너,12835.3802,3552.2175
곽병원앞1,12835.3781,3552.2246
만경관건너,12835.4314,3552.2272
만경관앞,12835.4144,3552.2327
CGV대구한일건너,12835.7826,3552.2442
CGV대구한일앞,12835.7995,3552.2367
2.28기념중앙공원앞,12835.9001,3552.2224
2.28기념중앙공원건너1,12835.8881,3552.2336
적십자혈액원앞,12834.7057,3552.7002
적십자혈액원건너,12834.7318,3552.6859
중구보건소건너,12835.0936,3552.6154
중구보건소앞,12835.0974,3552.6255
대구콘서트하우스앞,12835.5515,3552.5385
경대사대부설고등학교앞,12836.0313,3551.8109
경북대학교치과병원,12836.0856,3551.8164
방천시장(김광석길)건너,12836.3432,3551.7608
방천시장(김광석길)앞,12836.3817,3551.7383
대백프라자앞,12836.2637,3551.3065
대봉성당,12836.04338,3551.326331
건들바위건너,12835.9063,3551.4477
건들바위앞,12835.9164,3551.4949
봉산가구골목(동편),12835.9524,3551.6919
봉산가구골목(서편),12835.9466,3551.6726
봉산육거리,12835.9579,3551.7651
청구타운앞,12836.2084,3551.683
청구타운건너,12836.2479,3551.6222
청운맨션앞,12836.285,3551.4301
청운맨션건너,12836.2718,3551.4063
대봉도서관앞,12836.1315,3551.393
대봉도서관건너,12836.10344,3551.451784
대구맨션앞,12836.0499,3551.6063
대구맨션건너,12836.0563,3551.5884
삼덕교회,12835.9979,3551.9692
삼덕성당앞,12835.9879,3552.0507
국채보상운동기념공원,12836.2304,3552.0953
경북대학교병원건너,12836.1976,3551.9445
경북대학교병원앞,12836.1946,3551.914
중구청건너,12836.4319,3552.1304
중구청앞,12836.4141,3552.1361
동인초등학교앞,12836.6476,3552.106
동인초등학교건너,12836.6406,3552.1152
대구광역시청앞,12836.0584,3552.3323
대구광역시청건너,12836.049,3552.3214
대구역건너,12835.8508,3552.4763
대구역앞,12835.8648,3552.4728
교동시장앞,12835.9629,3552.4496
태평상가건너,12836.157,3552.4079
태평상가앞2,12836.1918,3552.4016
동인네거리1,12836.3657,3552.351
동인네거리2,12836.4077,3552.3599
신천교1,12836.5835,3552.3905
신천교2,12836.5909,3552.3965
동인치안센터건너,12836.2593,3552.2801
동인치안센터앞,12836.2674,3552.2723
달성공원건너,12834.9344,3552.3532
2.28기념중앙공원건너2,12835.9426,3552.2194
반월당역(1번출구)2,12835.5759,3551.755
성명여자중학교,12835.1634,3552.1322
대구콘서트하우스건너,12835.5575,3552.5267
2호선반월당역2,12835.7399,3551.9047
남문시장건너1,12835.5002,3551.6984
남산2동주민센터앞,12835.3478,3551.8434
매일신문사건너,12835.2217,3552.1115
태평상가앞1,12836.15372,3552.4091
매일신문사앞,12835.23051,3552.034804
약령시입구,12835.3569,3551.9828
신남역(2번출구),12834.8417,3551.856
신남역(8번출구),12835.0324,3551.9114
불로전통시장앞,12838.4657,3554.6379
불로전통시장건너,12838.4567,3554.636
불로천주교회건너,12838.47,3554.8757
불로천주교회앞,12838.4613,3554.9053
봉무청구새들마을앞,12838.5141,3555.797933
봉무청구새들마을건너,12838.504,3555.8044
파군재삼거리2,12838.6307,3556.0406
파군재삼거리1,12838.6108,3556.1504
공산동주민센터건너,12838.7399,3556.3938
공산동주민센터앞,12838.7319,3556.4023
팔공보성아파트건너,12838.7963,3556.54
팔공보성아파트앞,12838.7833,3556.5346
대구중앙고등학교건너,12837.00459,3552.085042
대구중앙고등학교앞,12836.9937,3552.0789
청구고등학교앞,12837.31421,3552.054566
청구고등학교건너,12837.4178,3552.0269
신천LH아파트건너,12836.8363,3552.4399
신천LH아파트앞,12836.8327,3552.4453
신천역(2번출구),12837.0059,3552.4639
역전시장앞,12837.2134,3552.5099
역전시장건너,12837.2552,3552.5262
신천3동주민센터건너,12837.4263,3552.4551
솔렌스힐앞,12837.4282,3552.2874
솔렌스힐건너,12837.4156,3552.2755
한국건강관리협회앞,12837.3969,3552.1404
신천3치안센터앞,12837.2088,3552.2009
신천3치안센터건너,12837.2057,3552.192
명문오하임아파트앞,12837.1825,3552.3499
명문오하임아파트건너,12837.1847,3552.357
신천초등학교앞,12837.3816,3552.3128
신천초등학교건너,12837.384,3552.3138
신천역(5번출구),12837.1027,3552.3948
신천역(4번출구),12837.1132,3552.3657
한국국토정보공사건너,12837.4471,3552.5612
한국국토정보공사앞,12837.4558,3552.5734
동대구역복합환승센터앞,12837.80034,3552.653164
동대구역복합환승센터건너,12837.8079,3552.6436
대구지방법원등기국앞,12838.089,3552.7324
대구지방법원등기국건너,12838.0841,3552.7386
청기와주유소건너,12838.9014,3552.6815
효목네거리3,12838.7799,3552.6364
우방만촌하이츠건너,12837.8824,3552.1231
동부정류장(메트로팔레스),12837.9763,3552.208
코오롱아파트,12837.9408,3552.1902
수성도서관앞,12838.2836,3552.364
수성도서관건너,12838.2736,3552.3736
한전동대구지사건너,12838.4696,3552.4545
한전동대구지사,12838.4897,3552.4801
동구시장앞,12838.3593,3552.4454
동구시장건너,12838.3577,3552.4578
구)효목2동주민센터건너,12838.3524,3552.6552
구)효목2동주민센터앞,12838.331,3552.6636
경북아파트앞(신천동),12837.9727,3552.5853
경북아파트건너(신천동),12837.97,3552.6
동부정류장앞,12838.0685,3552.4456
동부정류장건너,12838.0764,3552.4374
영남일보건너,12837.5934,3552.1213
MBC네거리,12837.5718,3552.0931
귀빈예식장앞,12837.5497,3552.2796
상공회의소앞,12837.5146,3552.3053
동부소방서건너,12837.5419,3552.5031
동부소방서앞,12837.5181,3552.5116
동대구역,12837.59749,3552.732763
동대구역건너,12837.58092,3552.727713
동대구맨션,12837.5402,3552.9145
복음간호학원,12837.5221,3552.8873
파티마병원건너2,12837.4974,3552.9591
KT동대구지사앞,12837.5839,3553.075
KT동대구지사건너,12837.5702,3553.0727
큰고개1,12837.7975,3553.1372
큰고개2,12837.7914,3553.1406
큰고개역(4번출구),12837.9395,3553.0807
큰고개역(3번출구),12837.9517,3553.0773
산림조합중앙회건너,12837.8143,3552.927
산림조합중앙회앞,12837.8448,3552.9491
동대구역지하도1,12837.68209,3552.836726
동대구역지하도2,12837.63489,3552.81138
큰고개오거리1,12837.941,3553.1776
큰고개오거리2,12837.9089,3553.1879
신성초등학교앞,12837.7335,3553.3318
신성초등학교건너,12837.6907,3553.3539
신암보성아파트건너,12837.5015,3553.252
농협중앙회건너,12836.4752,3552.6708
강남약국앞1,12836.6206,3552.7622
강남약국앞2,12836.683,3552.823
동신초등학교앞,12836.93399,3552.688734
동신초등학교건너,12836.9206,3552.7328
공고네거리2,12836.9555,3552.8905
공고네거리1,12836.9581,3552.8961
대구동부고용복지플러스센터,12837.0222,3552.9046
평화시장(닭똥집골목)건너,12837.24,3552.9493
평화시장(닭똥집골목)앞,12837.287,3552.9688
파티마병원건너1,12837.3558,3552.9766
광명은하아파트앞,12837.1628,3553.434
광명은하아파트건너,12837.1445,3553.4241
경대아파트건너,12837.0493,3553.3629
경대아파트앞,12837.0323,3553.3425
경북대학교정문건너,12836.8698,3553.0991
경북대학교정문앞,12836.8011,3553.0418
신암초등학교건너,12836.7441,3552.9556
동구청건너,12838.0875,3553.1521
동구청앞,12838.0753,3553.1555
아양교역(2번출구),12838.3926,3553.2259
아양교역(1번출구),12838.3693,3553.226
동촌강나루아파트건너,12838.4945,3553.1878
동촌강나루아파트앞,12838.5162,3553.17
효동초등학교건너,12838.6444,3552.9961
효동초등학교앞,12838.6566,3552.9865
대구일마이스터고교건너,12838.8352,3552.8575
대구일마이스터고교앞,12838.8508,3552.8515
동촌해성아파트건너,12838.7609,3553.2861
아양교1,12838.5678,3553.4293
아양교2,12838.5615,3553.4457
입석중학교앞,12838.6976,3553.4696
입석중학교건너,12838.7383,3553.4622
K-2입구,12838.6926,3553.6525
강산아파트건너,12838.4818,3553.7171
강산아파트앞,12838.4534,3553.729
공항시장건너,12838.2705,3553.8118
공항시장앞,12838.2728,3553.7955
지저동주민센터건너,12838.2444,3553.6219
지저동주민센터앞,12838.2495,3553.6311
대구국제공항앞,12838.1915,3553.9526
대구국제공항건너,12838.2416,3553.9104
불로삼거리,12838.1836,3554.1103
불로우방아파트건너,12837.8647,3554.0577
불로우방아파트앞,12837.8326,3554.0443
아양아트센터앞,12839.1368,3552.8032
동촌유원지놀이동산앞,12839.2924,3552.7041
망우당공원앞,12839.3599,3552.5597
우방강촌마을앞,12840.1761,3552.579
우방강촌마을건너,12840.1585,3552.6018
은하타운건너,12840.4712,3552.5204
은하타운앞,12840.4745,3552.5379
강변동서마을앞,12840.7299,3552.4936
용계삼거리1,12841.07169,3552.529474
안심신우타운앞,12841.4376,3552.317
율하역(4번출구),12841.5797,3552.1681
율하역(5번출구),12841.6199,3552.1473
안심주공1단지건너,12841.864,3552.0344
LG물류센터건너,12841.4219,3552.4426
LG물류센터앞,12841.3718,3552.4495
정동고등학교건너,12841.7023,3552.4178
정동고등학교앞,12841.6779,3552.4231
용계역(1번출구),12840.8414,3552.5942
용계역(2번출구),12840.8416,3552.5838
백자맨션건너,12840.65509,3552.652669
백자맨션앞,12840.5953,3552.6605
방촌치안센터앞,12840.3498,3552.7428
방촌치안센터건너,12840.3645,3552.7307
방촌역(1번출구),12840.1992,3552.7875
방촌역(2번출구),12840.176,3552.787
방촌시장건너,12839.9628,3552.8766
방촌시장앞,12839.9565,3552.8703
퀸벨호텔건너,12839.7094,3552.9903
퀸벨호텔앞,12839.7383,3552.9665
해안역(1번출구),12839.5654,3553.0193
해안역(2번출구),12839.5842,3553.0082
홈플러스동촌점앞,12839.362,3553.1148
홈플러스동촌점건너,12839.3759,3553.0935
동촌역(신길)1,12839.1654,3553.2193
동촌역(신길)2,12839.0665,3553.2636
동촌화성타운건너,12838.8736,3553.3886
동촌화성타운앞,12838.8268,3553.4019
반야월저탄장건너,12841.9632,3552.3983
반야월저탄장앞,12841.9724,3552.4025
반야월시장1,12842.2684,3552.3651
반야월시장2,12842.3035,3552.3621
반야월역(국철)앞,12842.5095,3552.3403
반야월역(국철)건너,12842.5873,3552.3277
안심효성타운건너,12842.7521,3552.3209
경북교통,12842.8216,3552.225
경북교통앞,12842.8219,3552.2156
반야월역(도시철도4번출구)1,12842.82085,3552.022411
반야월역(도시철도1번출구),12842.8133,3552.021432
동부고교건너,12843.07569,3552.312821
동부고교앞,12843.02454,3552.324709
동부경찰서건너,12843.3548,3552.3113
동부경찰서앞,12843.399,3552.3148
녹원맨션1,12843.721,3552.3033
녹원맨션2,12843.7744,3552.3067
송정삼거리3,12843.9484,3552.2949
송정삼거리4,12843.9438,3552.2923
안심역(4번출구),12844.0991,3552.2938
안심역(5번출구),12844.0806,3552.2981
대림육교1,12844.5244,3552.3502
대림육교2,12844.5574,3552.3303
태왕그린힐즈앞1,12838.3118,3556.3538
팔공3차보성타운후문,12838.2858,3556.4022
지묘초등학교앞,12838.25577,3556.607066
지묘초등학교건너,12838.2584,3556.5369
동북주유소앞,12838.0722,3557.1342
동북주유소건너,12838.0493,3557.1632
화전동1,12837.886,3557.7282
농협방촌지점,12839.9363,3552.9314
방촌빌라,12840.2989,3552.9007
금사리하이빌APT앞,12839.4082,3553.0349
신암건영캐스빌건너,12837.0997,3552.6855
신암건영캐스빌앞,12837.107,3552.6816
동대구초등학교앞,12837.2412,3552.7249
동대구초등학교건너,12837.2416,3552.7145
동대구역수화물취급소건너,12837.5034,3552.7906
동대구역수화물취급소앞,12837.5088,3552.7864
동양맨션앞,12837.1815,3552.783
매골1,12837.7213,3558.1856
매골2,12837.7075,3558.1989
덕곡삼거리1,12837.8021,3558.5133
덕곡삼거리2,12837.7853,3558.4877
파계사(종점),12838.2217,3559.4215
내동,12839.8972,3557.4196
미대동1,12840.1337,3557.4471
미대동2,12840.111,3557.4316
구암동1,12840.7745,3557.2765
구암동2,12840.7814,3557.2663
미곡동1,12841.1114,3557.3063
미곡동2,12841.1045,3557.317
백안삼거리1,12841.3705,3557.2446
백안삼거리2,12841.3663,3557.2546
공산초등학교건너,12841.5237,3557.365
공산초등학교앞,12841.5161,3557.3688
백안교1,12841.65,3557.1835
백안교2,12841.6427,3557.1882
진인동(팔공산방향),12842.3362,3557.3416
진인동(시내방향),12842.3674,3557.355
능성동입구앞,12842.6602,3557.5302
능성동입구건너,12842.6535,3557.5309
중마을(갓바위방향),12843.2686,3557.9684
중마을(시내방향),12843.2562,3557.9661
웃갈미마을앞,12841.9229,3557.1927
웃갈미마을건너,12841.9163,3557.1979
진정마을1,12842.82782,3557.594598
진정마을2,12842.833,3557.589
서당마을앞,12841.7924,3557.7131
서당마을건너,12841.7918,3557.7163
방짜유기박물관앞,12841.8793,3557.8596
방짜유기박물관건너,12841.8765,3557.8681
대구학생수련관입구앞,12841.9628,3558.7347
대구학생수련관입구건너,12841.9593,3558.736
동화교1,12841.8975,3559.0525
동화교2,12841.8786,3559.0525
동화사입구앞,12841.839,3559.3325
동화시설집단지구(종점)1,12841.6573,3559.2837
사복동입구교차로건너,12844.8578,3552.3176
사복동입구교차로,12844.9168,3552.3319
신천역(3번출구),12837.012,3552.4635
아양교3,12838.4816,3553.4188
아양교4,12838.5077,3553.4094
용계삼거리3,12841.09564,3552.503675
파계교,12838.2828,3556.4575
공산댐건너,12838.8153,3556.6952
도학동1,12842.0722,3558.3306
도학동,12842.0663,3558.3219
도평동입구1,12838.5673,3554.5519
도평동입구2,12838.5662,3554.554
도동청구타운건너,12838.9188,3554.5512
도동청구타운앞,12838.9071,3554.5539
평광종점,12841.6771,3555.8538
농협동촌지점,12839.2175,3553.0629
방촌건널목,12840.178,3552.8177
신기역(화성타운앞),12842.1381,3552.0047
신기역(화성타운건너),12842.1539,3551.992
안심주공2단지앞,12841.9754,3552.013
안심주공1단지앞,12841.7847,3552.0343
강변동서마을건너,12840.7324,3552.5127
화랑교1,12839.7809,3552.6242
화랑교2,12839.7483,3552.6367
불로화훼단지건너,12838.4048,3554.3873
내동건너,12839.9376,3557.3478
동화사입구건너,12841.8562,3559.3267
상매동(저탄장),12842.5077,3553.4276
매여동(동구)저탄장,12843.0789,3554.6126
부동,12840.7392,3553.3043
부동삼거리,12840.7559,3553.3226
부동(종점),12841.692,3553.3511
해안초등학교뒤,12840.9521,3553.8137
경주최씨종가1,12841.1687,3554.161
경주최씨종가(종점),12841.187,3554.3691
부동농협,12840.8162,3553.4723
방촌1동,12840.487,3553.6816
둔산동,12840.4077,3553.8457
공군기지관사입구,12840.4508,3554.0568
측백수림건너,12839.804,3555.147
측백수림앞,12839.7899,3555.1351
섬뜸마을,12841.3014,3555.9502
평광새마을금고,12841.4211,3555.9633
태왕그린힐즈건너,12838.4323,3556.3286
태왕그린힐즈앞2,12838.4323,3556.3354
지묘동1,12838.3575,3556.459
지묘동2,12838.3591,3556.4526
송정동2,12837.3322,3559.2171
송정동1,12837.3581,3559.2258
이마트반야월점건너,12843.711,3552.1551
이마트반야월점앞,12843.6735,3552.1572
송정삼거리1,12843.9129,3552.2398
금강동,12844.1789,3551.5467
강동중·고등학교,12843.7333,3551.9976
강동중·고등학교건너,12843.7251,3551.9841
동호육교2,12843.4638,3552.007
동호육교1,12843.4629,3552.0001
영조아파트건너,12843.5874,3551.9893
영조아파트앞,12843.5966,3551.9917
상록아파트,12843.3631,3551.9114
동호초등학교건너,12843.2867,3551.8904
태왕메트로시티앞,12838.3926,3552.8658
바른병원건너,12838.5964,3553.3659
동촌역,12838.9996,3553.1713
도동교1,12839.1199,3554.6639
도동교2,12839.1033,3554.6488
도평동주민센터1,12839.3066,3554.6736
도평동주민센터2,12839.3793,3554.7252
갓골건너,12839.5807,3554.9495
갓골앞,12839.5826,3554.9448
동부정류장(남편),12838.0289,3552.2863
송정삼거리2,12843.8879,3552.2203
용계동2,12841.17312,3552.729946
조일로봇고등학교(종점),12841.5515,3553.0147
삼육구가든앞,12840.454,3555.891
삼육구가든건너,12840.4523,3555.8874
화전동2,12837.8769,3557.769
용계동1,12841.16605,3552.723706
신천3동주민센터앞,12837.4016,3552.5107
방촌맨션앞,12840.4513,3552.6002
팔공학생야영장앞,12839.9194,3559.5521
K2관사입구(종점),12840.3206,3554.1577
공산댐앞,12838.8373,3556.7066
갓바위,12843.5628,3558.2307
구둔산,12840.2939,3553.8046
동화시설집단지구(종점)2(대구시민안전테마파크),12841.6805,3559.2892
다리골,12840.2191,3555.7802
태왕메트로시티건너,12838.456,3552.8567
반야월역(도시철도3번출구),12842.8783,3551.9517
각산역(2번출구),12843.3855,3552.0519
각산역(1번출구),12843.3512,3552.0509
반야월역(도시철도4번출구)2,12842.8837,3551.9616
동부시외버스터미널(순환2번),12838.0338,3552.3162
경주최씨종가2,12841.1406,3554.0732
상동마을(둔산길),12841.0381,3553.9212
대구동촌유치원,12839.1728,3553.0907
동촌해성아파트앞,12838.7259,3553.3074
대원사입구,12844.39305,3557.790149
진인동(진정마을)1,12842.89272,3557.508605
중대1동회관앞,12838.2584,3559.1164
한걸고정마을,12838.237,3559.2796
반야월모란1차아파트,12842.421,3551.9745
안심효성타운앞,12842.72662,3552.328067
안심중학교건너,12842.44888,3551.958366
신덕마을입구,12841.446,3552.9631
공산파출소,12838.0357,3558.7819
용계삼거리4,12841.0415,3552.4872
용계삼거리2,12840.99199,3552.538646
대구신문사,12837.3377,3552.5397
중리마을,12838.0507,3558.7473
팔공3차보성타운건너,12838.1249,3556.45
팔공3차보성타운앞,12838.1598,3556.4515
대원사건너(공산동),12837.6222,3556.7373
대원사앞(공산동),12837.623,3556.7436
불로화훼단지앞,12838.2727,3554.2058
망우당공원(종점),12839.3474,3552.59078
능성동예비군훈련장,12843.95108,3557.68292
봉무공원건너,12838.46552,3555.3191
한국폴리텍대학(섬유패션캠퍼스),12838.48352,3555.21992
원불교앞,12838.49078,3555.66392
이시아폴리스더샵1단지,12838.47191,3555.542952
송정동3,12837.47882,3559.3004
송정동4,12837.48872,3559.3034
당정마을입구,12837.11352,3559.351341
팔공한마음주유소,12836.9798,3559.47458
덕곡(대구선명학교),12836.73302,3559.7126
덕곡(달구벌고교),12836.71238,3559.72082
팔공한마음주유소건너,12836.87708,3559.55552
당정마을입구건너,12837.11108,3559.34948
대구애견훈련학교앞,12842.1368,3557.25812
당동마을앞,12842.22932,3557.28842
당동마을건너,12842.23562,3557.30102
대구애견훈련학교건너,12842.12402,3557.26118
중리삼거리1,12837.85,3558.659
중리삼거리2,12837.83565,3558.650987
신생원건너,12843.99,3551.884
신생원앞,12843.9807,3551.8924
신서성당건너,12843.6846,3551.8952
신서성당앞,12843.65622,3551.882753
덕산마을앞,12837.3241,3559.104301
덕산마을건너,12837.36536,3559.078836
상리마을앞,12837.69092,3558.786169
상리마을건너,12837.72556,3558.77064
안심중학교앞,12842.6533,3551.9651
동촌유원지,12839.33126,3552.681846
아양아트센터건너,12839.12914,3552.818677
신암보성아파트앞,12837.49441,3553.247615
진인동(진정마을)2,12842.87645,3557.491753
모래정마을앞,12843.5007,3557.5945
모래정마을건너,12843.4969,3557.6034
팔공학생야영장입구앞,12840.1275,3559.3763
팔공학생야영장입구건너,12840.1419,3559.3875
부인사건너,12840.4163,3559.5446
부인사앞,12840.434,3559.5627
수태골건너,12840.8797,3559.5594
수태골앞,12840.8844,3559.5646
전기안전공사앞,12838.0763,3553.03
전기안전공사건너,12838.0961,3553.0351
반야월역(도시철도2번출구),12842.8241,3551.8889
율하휴먼시아6단지앞,12841.67297,3551.831467
율하휴먼시아6단지건너,12841.62555,3551.826704
율하휴먼시아8단지앞,12841.9429,3551.8093
율원초등학교앞,12842.0814,3551.9093
율원초등학교건너,12842.09217,3551.901835
율하휴먼시아9단지앞,12841.94165,3551.796962
율하휴먼시아15단지앞,12841.5023,3552.1416
신평동2,12841.0777,3552.5766
신평동1,12841.0769,3552.612
중심마을,12841.0726,3557.5168
율하역,12841.5052,3552.0922
용수동1,12840.5535,3558.528
신무동2,12840.3951,3559.1497
송정1동,12837.3022,3559.1869
신무동1,12840.388,3559.1486
용수동2,12840.5495,3558.5323
해안동주민센터,12840.3401,3552.937664
용계동3,12841.271,3552.8297
용계동4,12841.2693,3552.8338
율하휴먼시아5단지건너,12841.43711,3551.838556
율하휴먼시아5단지앞,12841.44385,3551.837832
위남마을입구,12838.4777,3555.6748
팔공산IC입구,12838.4626,3554.4639
대구선방촌공원,12840.1866,3552.8498
부남교앞,12840.58,3558.4221
진인동(양지마을)건너,12843.0145,3557.7853
진인동(양지마을)앞,12843.1035,3557.8664
이시아폴리스더샵2단지,12838.4953,3555.5458
병무청중앙신체검사소,12843.98611,3552.63582
한국감정원앞,12843.806,3552.7083
명산교(명산화성타운건너),12838.2364,3556.6384
첨단의료산업진흥재단앞,12844.1433,3552.7065
첨단의료산업진흥재단건너,12844.1225,3552.684
한국산업단지공단앞,12843.80408,3552.765178
LH5단지아파트앞,12842.8981,3552.9993
안심역(1번출구),12844.0139,3552.3444
대구경북지방병무청,12844.11136,3552.62403
한국사학진흥재단(남편),12844.0626,3552.5478
각산푸르지오앞,12842.8366,3552.4508
각산푸르지오건너,12842.832,3552.4877
새론초등학교건너,12842.9873,3553.1209
이노밸리로1,12843.29159,3552.674201
이노밸리로2,12843.31067,3552.664677
신서롯데캐슬레전드서편앞,12843.4387,3552.2339
LH5단지아파트건너,12842.8846,3552.9979
새론초등학교앞,12842.984,3553.1103
신서롯데캐슬레전드서편건너,12843.4232,3552.2164
봉무공원앞,12838.4907,3555.3436
대구텍스타일콤플렉스,12838.4562,3555.1439
효자강순항나무,12841.0376,3555.9522
파계사입구앞,12838.2439,3559.3979
파계사입구건너,12838.2651,3559.3922
반월육교,12841.399,3552.3279
성불사앞,12843.6726,3557.6107
성불사건너,12843.6927,3557.6262
능성동예비군훈련장건너,12843.9897,3557.703
대원사건너,12844.3473,3557.779
능성동(종점)1,12844.5751,3557.8001
능성동(종점)2,12844.5846,3557.7909
한국정보화진흥원,12843.83521,3552.843574
혁신2근린공원,12843.944,3552.8863
한걸마을앞,12838.1575,3558.9789
한걸마을건너,12838.1482,3558.9852
탱리마을앞,12838.1636,3559.2847
탱리마을건너,12838.1573,3559.3231
송정삼거리4-1,12843.9136,3552.2976
한국건강관리협회건너,12837.38834,3552.120092
신덕마을입구앞,12841.3752,3552.9198
신덕마을입구건너,12841.3643,3552.9162
신덕마을입구건너,12841.36165,3552.919627
율하지하차도,12841.4182,3551.9581
혁신도시입구1,12842.83398,3552.708813
혁신도시입구2,12842.85772,3552.705292
서한이다음2차앞,12842.85283,3552.844777
서한이다음2차건너,12842.8757,3552.839824
LH5단지후문앞,12842.99756,3552.930964
LH5단지후문건너,12843.01867,3552.926722
새론중학교앞,12843.45715,3552.718854
새론중학교건너,12843.45809,3552.702403
한국감정원앞2,12843.69542,3552.699367
신용보증기금앞,12843.69461,3552.681481
NH농협혁신도시지점앞,12843.9557,3552.672052
NH농협혁신도시지점건너,12843.95399,3552.65631
한국교육학술정보원앞,12844.12906,3552.612345
봉무초등학교앞,12838.16505,3555.505247
봉무초등학교건너,12838.25979,3555.501098
이시아폴리스롯데몰앞,12838.13171,3555.238889
이시아폴리스롯데몰건너,12838.10802,3555.226656
율원중학교앞,12842.06729,3551.661319
율원중학교건너,12842.06401,3551.692358
율금초등학교앞,12841.54912,3551.714951
율하체육공원앞,12841.71023,3551.638674
율하선수촌2단지앞,12841.69287,3551.652652
율금초등학교건너,12841.56643,3551.714423
숙천초교입구,12845.0802,3552.4973
혁신이노힐즈아파트앞,12844.8651,3552.4775
혁신이노힐즈아파트건너,12844.9045,3552.466
숙천초교입구건너,12845.1514,3552.4939
한국한의학연구원앞,12843.9214,3552.8976
대한수목원앞,12837.7978,3558.3508
대한수목원건너,12837.7924,3558.3549
율하롯데캐슬탑클래스앞,12841.5743,3552.0318
율하롯데캐슬탑클래스건너,12841.55658,3552.020514
대구그린파워앞,12842.22317,3552.895501
대구그린파워건너,12842.21558,3552.903768
신무3교(하행),12840.28955,3559.303609
신무3교(상행),12840.30092,3559.297412
각산비나리공원앞,12842.94215,3552.727505
각산비나리공원건너,12842.93028,3552.716944
나불지앞,12843.14835,3552.707239
나불지건너,12843.13211,3552.695989
농수산물도매시장건너,12832.8213,3554.2537
태전중앙시장건너,12832.7518,3555.2819
태전중앙시장앞,12832.7509,3555.2573
태전두성타운앞,12832.6617,3555.416
태전두성타운건너,12832.6616,3555.4407
대구보건대학앞2,12832.5525,3555.6343
대구보건대학건너2,12832.5788,3555.5611
칠곡대백맨션앞,12832.3993,3555.9429
칠곡대백맨션건너,12832.4001,3555.9929
한국도로공사건너,12832.4794,3556.1858
한국도로공사앞,12832.4554,3556.1692
칠곡한라타운앞,12832.5079,3556.3343
칠곡한라타운건너,12832.4968,3556.3747
관음변전소2,12832.5499,3556.548
관음변전소1,12832.5284,3556.5312
칠곡우방타운앞(종점),12832.86594,3556.874307
대구과학대학앞,12832.6757,3555.7917
대구과학대학건너,12832.67406,3555.75798
대구보건대학앞1,12832.648,3555.603999
대구보건대학건너1,12832.6607,3555.6255
팔공산맥앞,12832.7457,3555.545
팔공산맥건너,12832.774,3555.5464
태전삼거리1,12832.8142,3555.3273
태전삼거리2,12832.7962,3555.2794
대구보건대학3,12832.8515,3555.5788
대구보건대학4,12832.8425,3555.6094
칠곡서한맨션앞,12832.6887,3556.027
칠곡한신아파트앞1,12832.6343,3556.024
칠곡롯데아파트건너,12832.4922,3556.04
칠곡롯데아파트앞,12832.5077,3556.0308
칠곡3차보성타운1,12833.2415,3557.1627
칠곡3차보성타운2,12833.2442,3557.1994
동호동앞(북구),12833.187,3557.5622
동호동건너(북구),12833.1429,3557.5914
경북공무원교육원2,12833.3835,3557.37416
경상북도농업인회관,12833.4925,3557.4085
경북공무원교육원1,12833.4377,3557.3937
경북농업기술원앞,12833.601,3557.439497
매천중고등학교건너,12832.91592,3554.610592
매천중고등학교앞,12832.8987,3554.6011
대구병원앞,12832.9165,3554.768475
두성파크아파트앞,12832.9126,3554.9237
태전역1,12832.8829,3555.0869
대구과학대학1,12832.8849,3555.7924
대구과학대학2,12832.8766,3555.823
대구은행칠곡지점건너,12832.9366,3556.1407
대구은행칠곡지점앞,12832.9369,3556.1885
칠곡동화아파트건너,12833.0031,3556.3955
칠곡동화아파트앞,12832.9911,3556.3843
칠곡시장앞,12833.05428,3556.592548
칠곡시장건너,12833.0415,3556.5898
읍내동주민센터건너,12833.0782,3556.7733
칠곡중학교앞,12833.0891,3556.8539
칠곡중학교건너,12833.1507,3556.9634
칠곡한서타운건너,12833.1638,3557.0226
대천초등학교건너,12833.3314,3556.2801
대천초등학교앞,12833.328,3556.2877
럭키아파트건너,12833.4077,3556.4106
럭키아파트앞,12833.398,3556.4009
한양산호아파트앞,12833.35227,3556.512697
한양공작맨션앞,12833.2862,3556.152
한양공작맨션건너,12833.2915,3556.1334
한양코스모스아파트앞,12833.2691,3555.998
한양코스모스아파트건너,12833.2643,3555.9761
칠곡에덴타운건너,12833.0782,3555.942989
칠곡에덴타운앞,12833.1124,3555.9339
한국농어촌공사앞,12833.456,3555.8923
한국농어촌공사건너,12833.4316,3555.9064
칠곡화성타운건너,12833.6359,3555.8786
칠곡화성타운앞1,12833.6175,3555.8894
칠곡청구타운앞,12833.6183,3555.7315
구암초등학교앞,12833.4752,3555.6199
구암초등학교건너,12833.5403,3555.6617
구암가구골목1,12833.3442,3555.5198
구암가구골목2,12833.4002,3555.5494
구암역(운전면허시험장)1,12833.08652,3555.515288
구암역(운전면허시험장)2,12833.1076,3555.506486
구암교1,12832.9216,3555.5296
구암교2,12832.9109,3555.5292
팔달신시장2,12833.901,3553.4726
노원119안전센터앞,12834.0135,3553.5369
노원119안전센터건너,12833.9944,3553.5354
대구은행3공단지점앞,12834.2411,3553.6696
3공단새마을금고앞,12834.3521,3553.7405
국민은행3공단지점건너,12834.466,3553.798
국민은행3공단지점앞,12834.5415,3553.8455
노원네거리(대구은행앞),12834.7511,3554.027
노원네거리(대구은행건너),12834.7586,3554.0145
노원네거리(공단세차장앞),12834.7461,3553.9179
노원네거리(공단세차장건너),12834.7441,3553.9073
침산동화타운앞,12834.6953,3553.7355
침산동화타운건너,12834.6823,3553.6924
노원동화타운앞,12834.6221,3553.4868
노원동화타운건너,12834.6224,3553.4786
원대오거리북편1,12834.5748,3553.3251
원대오거리북편2,12834.581,3553.3333
원대역1,12834.4239,3553.2786
팔달시장앞,12834.1935,3553.315
팔달신시장,12833.9421,3553.3533
대구역북편네거리1,12835.7278,3552.7104
대구역북편네거리2,12835.7171,3552.7077
대구도시공사앞,12835.2837,3553.0256
홈플러스대구점건너,12835.7817,3552.866696
홈플러스대구점앞,12835.7637,3552.8682
침산코오롱하늘채건너,12835.8524,3553.1204
침산코오롱하늘채앞,12835.84694,3553.132806
침산네거리1,12835.6037,3553.2659
침산네거리2,12835.6025,3553.2701
침산중학교앞,12835.2787,3553.3437
침산중학교건너,12835.265,3553.3367
북대구세무서건너,12834.979,3553.3445
북대구세무서앞,12834.9698,3553.2837
북부경찰서건너,12834.9255,3553.1579
북구청역2,12834.8711,3552.9849
북구청역1,12834.8809,3553.0113
고성아파트건너(서편),12834.8182,3552.8266
고성아파트(서편),12834.835,3552.8348
고성지구대1,12835.3402,3552.7602
고성지구대2,12835.3316,3552.7677
잉꼬아파트앞,12835.3815,3552.7256
칠성우방타운,12835.5613,3552.8009
시민운동장(축구장건너),12835.3736,3552.876
시민운동장(축구장앞),12835.3593,3552.86
이마트칠성점건너,12835.4413,3553.1159
이마트칠성점앞,12835.42229,3553.073313
대구은행제2본점앞,12835.2688,3553.0357
북구청앞,12835.0212,3553.0875
북구청건너,12835.0031,3553.0858
북구청네거리2,12834.8379,3553.1418
서구제일사회복지관건너,12834.6889,3553.2052
KT북대구지사건너,12834.9245,3552.8709
KT북대구지사앞,12834.9837,3552.8639
시민운동장(야구장건너),12835.1932,3552.8147
시민운동장(야구장앞),12835.1989,3552.8221
북침산치안센터건너,12834.7619,3553.3185
북침산치안센터앞,12834.8129,3553.3384
침산초등학교앞,12835.1061,3553.4223
침산초등학교건너,12835.1401,3553.437
북구보건소앞,12835.2309,3553.4614
북구보건소건너,12835.2831,3553.4773
침산3동주민센터,12835.399,3553.4812
명성푸르지오앞,12835.467,3553.3463
명성푸르지오건너,12835.4761,3553.3403
침산변전소건너,12835.47423,3553.532659
침산변전소앞,12835.4837,3553.5418
성북교1,12835.6754,3553.5439
성북교2,12835.6704,3553.5568
시청별관건너1,12835.86925,3553.443813
시청별관앞(구.경북도청),12835.8858,3553.448
성북시장건너,12835.6721,3553.6976
성북시장앞,12835.6918,3553.7418
산격문화회관앞,12835.7367,3553.8679
산격문화회관건너,12835.7293,3553.8521
산격주공아파트건너,12835.7828,3554.0362
산격주공아파트앞,12835.7824,3554.0229
연암네거리1,12835.8425,3554.1089
연암네거리2,12835.8425,3554.1158
백사벌네거리1,12835.3366,3553.9689
백사벌네거리2,12835.3366,3553.9882
무림제지앞1,12835.3695,3553.7694
북부상수도사업소,12835.3662,3553.7934
무림제지건너,12835.3882,3553.6335
침산초등학교후문,12835.2059,3553.5847
경상여자고등학교건너,12835.2644,3554.0609
경상여자고등학교앞,12835.2424,3554.0567
침산남영타운건너,12835.1126,3554.0528
침산남영타운앞,12835.1117,3554.0453
노원네거리1,12834.8218,3553.9862
노원네거리2,12834.8256,3553.9804
만평역(서대구고속버스터미널)1,12833.5597,3553.4091
만평역(서대구고속버스터미널)2,12833.5625,3553.3994
이마트트레이더스건너,12833.3753,3553.4381
이마트트레이더스앞,12833.3376,3553.4308
공단역1,12833.24324,3553.499344
대백인터빌앞,12832.91894,3553.896196
대백인터빌건너,12832.8972,3553.8986
코스트코홀세일건너/복현화성타운앞,12837.0956,3554.3255
코스트코홀세일앞/복현화성타운건너,12837.1216,3554.3552
검단유성아파트건너,12837.2391,3554.4327
검단유성아파트앞,12837.2223,3554.4308
성광고등학교앞,12837.4634,3554.599
성광고등학교건너,12837.4496,3554.5975
검단동주민센터앞,12837.5519,3554.7779
검단동주민센터건너,12837.5443,3554.7791
검단상가아파트건너,12837.5778,3554.9953
농수산물도매시장앞,12832.7967,3554.1894
검단유성아파트(서편),12837.117,3554.4182
경동산업앞,12836.7218,3554.6799
대구우편집중국앞,12836.8973,3554.5895
엑스코건너,12836.63606,3554.468711
텍스빌,12836.5601,3554.4102
복현푸르지오아파트앞,12837.4283,3553.5091
복현푸르지오아파트건너,12837.4207,3553.5004
영진고등학교앞,12837.2803,3553.5744
영진고등학교건너,12837.2009,3553.6106
영진전문대학후문앞,12837.1246,3553.6869
영진전문대학후문건너,12837.0865,3553.701
복현오거리1,12836.937,3553.82
신세계병원건너,12836.8453,3553.8904
신세계병원앞,12836.8034,3553.9002
산격대우아파트앞,12836.6928,3553.9536
산격종합시장앞,12836.6318,3553.9631
산격중학교앞,12836.5067,3554.0573
산격중학교건너,12836.5128,3554.0363
상수도사업본부시설관리소건너,12836.157,3554.1475
상수도사업본부시설관리소앞,12836.1842,3554.1418
대원유치원앞,12836.412,3553.8975
대원유치원건너,12836.3998,3553.8818
산격초등학교건너,12836.3151,3553.7243
산격초등학교앞,12836.31837,3553.665263
산격4동주민센터앞,12836.3125,3553.5917
산격4동주민센터건너,12836.313,3553.5241
대구은행산격지점앞,12836.3103,3553.453
경북대체육센터앞,12836.2876,3553.4091
경북대학교서문건너,12836.1787,3553.3358
경북대학교서문앞,12836.1809,3553.3332
산격청구맨션앞,12836.0666,3553.3776
시청별관건너2,12836.0115,3553.3983
실내체육관건너,12836.1531,3553.5097
실내체육관앞,12836.1529,3553.5094
기독교방송국건너,12835.8922,3553.2695
기독교방송국앞,12835.9015,3553.2795
오뚜기물류센터,12836.4655,3554.554
엑스코앞,12836.7477,3554.4968
동침산네거리,12835.9621,3553.1923
북구선거관리위원회건너,12836.1277,3553.229
북구선거관리위원회앞,12836.131,3553.2407
경대교앞,12836.0458,3553.1623
경대교건너,12836.0319,3553.1375
새동네아파트건너,12836.0994,3552.8308
새동네아파트앞,12836.0507,3552.9488
칠성시장(전자상가앞),12836.1673,3552.7141
칠성시장(전자상가건너),12836.1776,3552.7224
칠성시장(농협앞),12836.2113,3552.6308
칠성시장(농협건너),12836.2102,3552.6391
칠성꽃도매시장앞,12836.0758,3552.5598
칠성시장건너,12836.3403,3552.4908
칠성시장앞1,12836.3211,3552.477925
농협중앙회앞,12836.4321,3552.6592
강남약국건너,12836.644,3552.7989
동대구시장건너,12836.6428,3552.9377
동대구시장앞,12836.5569,3552.9498
대일아파트건너,12836.4014,3553.0266
대일아파트앞,12836.3586,3553.0434
경북대체육센터건너,12836.3968,3553.4695
경북대학교북문앞,12836.6104,3553.5923
경북대학교북문건너,12836.586,3553.5774
복현우체국앞,12836.7783,3553.7434
복현우체국건너,12836.821,3553.7842
복현오거리2,12836.9141,3553.9009
건영아파트건너,12836.908,3553.9696
복현대백맨션앞,12836.9644,3554.0951
복현대백맨션건너,12836.9659,3554.1397
복현오거리3,12836.9659,3553.8654
북중학교앞,12837.2086,3553.9162
복현장미맨션앞,12837.1212,3553.9079
명문세가APT앞,12837.42907,3553.866027
명문세가APT건너,12837.4329,3553.8799
영진전문대학정문앞,12837.4359,3553.6659
영진전문대학정문건너,12837.4268,3553.6472
복현서한2차아파트,12837.50431,3553.985935
복현우방아파트,12837.4603,3553.9642
칠곡2차영남타운건너,12833.7142,3555.981
칠곡2차영남타운앞,12833.6968,3555.9632
칠곡3차화성타운3,12833.7084,3556.1957
칠곡3차화성타운1,12833.6866,3556.1964
대구우편집중국(동편),12836.9339,3554.6566
동원약품,12837.0163,3554.5341
성화여고건너,12837.0992,3554.1337
성화여고앞,12837.1002,3554.1172
경명여고앞,12835.9269,3552.7338
경명여고건너,12836.0314,3552.7207
무태네거리(시외방향),12835.9756,3554.9461
무태네거리(시내방향),12835.9604,3554.9129
무태조야동주민센터앞2,12835.9558,3555.3196
무태조야동주민센터건너2,12835.9802,3555.2849
연경1,12837.2654,3556.6159
복현현대맨션앞,12837.0621,3553.9837
복현현대맨션건너,12837.0682,3553.9867
칠성시장역(서문프라자앞),12836.3061,3552.5655
칠성시장역(서문프라자건너),12836.3093,3552.5688
노곡동,12833.8023,3554.3398
조야동(종점),12834.5986,3554.6485
연암네거리3,12835.9391,3554.1313
보성기계건너,12834.1109,3553.8794
보성기계앞,12834.0916,3553.9007
동아수산냉동건너,12834.2494,3553.7232
동아수산냉동앞,12834.2381,3553.7333
고성아파트건너,12834.9171,3552.7907
고성아파트앞,12834.9094,3552.7997
시민교회앞,12835.1836,3552.7634
시민교회건너,12835.1389,3552.763
잉꼬아파트건너,12835.3862,3552.7295
대구소방본부건너,12835.5768,3552.6942
도시철도대구역,12835.8275,3552.6374
홈플러스칠곡점앞,12833.3695,3556.7325
칠곡네스빌,12833.5241,3556.7404
동화골든빌(북편),12833.7296,3556.7746
홈플러스칠곡점건너,12833.3741,3556.7415
칠곡주공그린빌1단지건너,12834.6516,3556.9854
칠곡주공그린빌1단지앞,12834.6408,3556.9668
동천역1,12833.4431,3556.2341
동천역2,12833.4546,3556.2272
거동교1,12833.1534,3556.815
거동교2,12833.2022,3556.8159
보병50사단앞,12834.4344,3556.8514
보병50사단건너,12834.4793,3556.8697
칠곡그린빌2차앞,12833.977,3556.5594
중소기업관앞,12836.9949,3554.4704
한국패션센터,12836.7325,3554.3255
산업용재관,12836.3323,3554.3141
도남동(종점),12835.3264,3558.1493
산격거평타운건너,12836.1696,3554.2894
산격거평타운앞,12836.1746,3554.3003
이곡양수장건너,12836.2305,3555.9254
이곡양수장앞,12836.2137,3555.9185
동서변리벤빌,12835.936,3555.5309
유니버시아드레포츠센터건너,12835.94992,3555.681574
무태조야동주민센터앞1,12835.8215,3555.2708
무태조야동주민센터건너1,12835.8612,3555.2647
화성리버파크앞,12835.8017,3555.3871
화성리버파크건너,12835.7995,3555.3851
서변동영남네오빌앞,12835.8139,3555.6206
서변동영남네오빌건너,12835.8078,3555.6244
동서교회건너,12836.0733,3555.2673
동서교회앞,12836.0733,3555.2689
무태새마을금고앞,12836.2167,3555.2238
무태새마을금고건너,12836.2152,3555.2273
동변주공그린빌앞,12836.2198,3555.0781
동변주공그린빌건너,12836.2244,3555.0793
유니버시아드선수촌2단지건너,12836.1542,3554.9995
유니버시아드선수촌2단지앞,12836.1649,3554.9965
매천수산시장앞,12832.4567,3554.1459
매천수산시장건너,12832.5199,3554.0349
팔달중학교건너,12832.6527,3553.905
팔달중학교앞,12832.6552,3553.9084
매천성당건너2,12832.5143,3554.4961
매천성당앞,12832.5053,3554.5146
태전중석타운,12832.6911,3554.8178
메트로시티건너,12832.8316,3554.8105
메트로시티앞,12832.8553,3554.819
두성파크아파트건너,12832.90099,3554.940134
태현초등학교앞,12832.5219,3555.6535
가야농원,12836.6135,3556.3061
칠곡한신아파트건너,12832.6688,3555.9775
칠곡한신아파트앞2,12832.6644,3555.9635
운암지공원1,12833.8034,3555.8906
부영7단지앞,12833.9635,3556.049
부영7단지건너,12833.9738,3556.0567
그린빌4단지건너,12834.0754,3556.2759
그린빌4단지앞,12834.0532,3556.2597
그린빌4단지,12833.92015,3556.196185
운암초등학교앞,12833.8807,3556.1742
운암초등학교건너,12833.8843,3556.1793
화성센트럴파크,12833.7249,3556.104
부영3단지,12833.76859,3556.275633
칠곡3차화성타운2,12833.7607,3556.3141
칠곡그린파크1,12833.81846,3556.610243
칠곡부영1단지,12833.8569,3556.7346
동화골든빌(동편),12833.839,3556.7016
동화골든빌(남편),12833.7079,3556.6712
동화골든빌건너(남편),12833.7476,3556.6576
강북경찰서건너,12833.9256,3556.6454
강북경찰서앞,12833.92922,3556.623706
칠곡그린빌3차건너,12833.8895,3556.4874
칠곡그린빌3차앞,12833.8872,3556.4842
학남초등학교앞,12833.9936,3556.7912
학남초등학교건너,12833.9816,3556.7977
학남고등학교앞,12834.1671,3556.8031
학남고등학교건너,12834.1685,3556.8118
국우동현대아파트앞,12834.7939,3556.8692
북구구민운동장앞,12834.4346,3556.6274
북구구민운동장건너,12834.4376,3556.6183
칠곡그린빌5단지앞,12834.2154,3556.6038
칠곡그린빌5단지건너,12834.2222,3556.5933
화성그랜드앞,12834.1884,3556.4343
화성그랜드건너,12834.2213,3556.4518
도남동,12835.0405,3557.6887
칠곡초등학교앞,12833.2208,3556.6323
칠곡초등학교건너,12833.2202,3556.659
칠곡서한맨션,12832.6665,3556.0898
한양수정아파트,12832.6664,3556.0746
관음공영주차장앞,12832.6661,3556.3845
관음농협앞,12832.6641,3556.3225
관음어린이집,12832.7057,3556.6
관음동주민센터건너,12832.8134,3556.7011
교동초등학교건너,12832.9145,3556.706389
양지마을앞,12832.678,3556.7702
칠곡우방타운건너(종점),12832.8041,3556.8545
농촌진흥원입구,12833.2902,3557.2721
(주)성안건너,12837.4695,3554.8962
검단동대구축협앞,12837.4359,3554.9328
검단상가아파트앞,12837.5534,3554.9923
전기재료관1,12836.4197,3554.3133
전자상가,12836.3119,3554.3207
대구역꽃시장,12835.9989,3552.6071
대구병원건너,12832.9014,3554.772537
국우동현대아파트건너,12834.8035,3556.8649
이곡마을,12836.4578,3556.1401
강북중학교건너,12833.9459,3556.3447
양지마을건너,12832.6493,3556.7396
칠성꽃도매시장건너,12836.0831,3552.5707
무림제지앞2,12835.3216,3553.7579
대구소방본부앞,12835.6763,3552.6693
오페라하우스건너,12835.5577,3552.9664
오페라하우스앞,12835.5732,3552.9733
베어산업앞,12836.8118,3554.8447
베어산업건너,12836.8118,3554.8584
아주섬유앞,12837.1445,3554.9374
아주섬유건너,12837.1942,3554.9509
보성서한타운앞,12833.5018,3555.9566
칠곡화성타운앞2,12833.5011,3555.9503
함지초등학교건너,12833.573,3556.1673
함지초등학교앞,12833.5683,3556.161
관음중학교(북편),12832.6959,3556.5646
관음동주민센터앞,12832.7849,3556.694
교동초등학교앞,12832.91352,3556.702467
팔달초등학교,12832.64016,3553.830558
칠곡경대병원역,12833.63686,3557.587124
성보교통,12837.30839,3555.047638
한양산호아파트건너,12833.2953,3556.5456
매천초교(매천역)2,12832.54362,3554.740601
칠곡그린파크2,12833.82325,3556.581591
강북중학교앞,12833.9429,3556.3558
유통단지회차지,12836.3678,3554.4895
매천시장지하차도,12832.4664,3554.2182
북대구초등학교건너,12836.5676,3554.2505
전기재료관2,12836.4661,3554.2377
북대구초등학교앞,12836.6441,3554.2807
검단119안전센터(엑스코),12836.8962,3554.4172
중소기업관건너,12837.0047,3554.4709
태왕아너스복현건너,12837.2041,3554.0088
태왕아너스복현앞,12837.2105,3554.0038
영남종합전기,12833.3467,3557.5665
칠곡경북대병원정문건너,12833.85273,3557.293721
팔달역2,12832.87786,3553.846172
대구역,12835.9259,3552.6239
칠곡경북대병원정문앞,12833.86529,3557.296193
칠곡그린빌2차건너,12833.97992,3556.56032
칠곡그린빌6단지건너,12834.0044,3556.6919
칠곡그린빌6단지앞,12834.01292,3556.70972
학정청아람1,12834.20233,3557.080064
들연경,12837.15752,3556.4993
연경2,12837.25622,3556.62662
유통단지회차지2,12836.3462,3554.43902
매천대교1,12832.5215,3553.86062
무태교,12835.7801,3554.1554
동서변월드메르디앙아파트,12835.9505,3555.1553
북구어울아트센터앞,12832.77506,3556.010502
부영5단지,12833.7362,3556.1333
학정청아람2,12834.07682,3557.2667
읍내동주민센터앞,12833.0621,3556.7441
풋살경기장(50사단),12833.97777,3557.449549
칠곡청구타운건너,12833.6778,3555.7983
민들레아파트후문앞,12837.7443,3554.9899
민들레아파트후문건너,12837.743,3554.9978
팔거역3,12833.49338,3556.633844
팔거역4,12833.50148,3556.622137
영남네오빌건너,12833.59418,3556.524071
영남네오빌앞,12833.59429,3556.514829
칠성고가도로하단,12836.08722,3552.882015
경북농업기술원건너,12833.645,3557.413918
도남지,12835.18655,3557.890328
대구예담학교,12834.8705,3557.2828
복현성모약국앞,12837.18171,3553.625596
홈플러스대구점3,12835.8045,3552.9511
홈플러스대구점2,12835.7149,3552.9446
운암지공원2,12833.8856,3555.9107
칠성시장(양친회신협),12836.08908,3552.680417
금호지구(종점방향),12830.6863,3553.742
금호지구(시내방향),12830.7586,3553.7199
문주마을앞,12831.4332,3553.887983
장태실마을건너,12832.1628,3553.6895
장태실마을앞,12832.151,3553.7
문주마을건너,12831.48063,3553.883221
동침산네거리2,12835.9737,3553.1962
칠곡경북대병원,12833.9521,3557.4477
칠곡경북대병원후문앞,12833.9493,3557.3671
매천화성파크드림,12832.66534,3554.524929
매천고교,12832.8023,3554.6969
태전휴먼시아,12832.7863,3554.7022
매천휴먼시아앞,12832.68153,3554.51343
농산물도매시장건너,12832.5138,3554.2579
농산물도매시장앞,12832.5008,3554.2523
근로복지공단대구병원앞,12833.90763,3557.053949
학정청아람건너,12833.9461,3557.256
학정청아람앞,12833.9479,3557.2177
근로복지공단대구병원건너,12833.9188,3557.0607
한라하우젠트,12833.8887,3556.9042
칠곡경북대병원후문건너,12833.955,3557.3659
매천성당건너1,12832.5305,3554.5714
대구사격장,12831.5167,3554.6322
경대교2,12836.1831,3553.1488
관음변전소3,12832.5142,3556.5105
관음변전소4,12832.5099,3556.5182
매천대교2,12832.3898,3553.7569
검단동주민센터1,12837.68021,3554.765254
검단동주민센터2,12837.68459,3554.760564
영진교통(종점),12837.72059,3555.045845
태전우방타운1차,12832.5342,3554.9601
태전육교1,12832.5114,3555.1748
태전육교2,12832.4832,3555.1496
침산쌍용예가아파트앞,12835.3823,3553.6175
유니버시아드레포츠센터앞,12835.9266,3555.6698
도곡교1,12835.9846,3555.6798
도곡교2,12835.9895,3555.677
도곡교2,12835.9895,3555.677
태전역2,12832.8693,3555.0858
대구태현교회,12832.3759,3555.3225
e편한세상대구금호건너,12830.5819,3553.9333
e편한세상대구금호앞,12830.5735,3553.9733
태전교회앞,12833.0377,3555.009
태전우방타운3차아파트,12833.0568,3555.0436
온누리교회,12833.0814,3555.2392
태전삼성아파트,12833.0661,3555.2342
금호1,12831.3081,3553.7762
금호천년나무1단지동편건너,12831.028,3553.856
사수초등학교건너,12830.84094,3554.103792
사수초등학교앞,12830.847,3554.094
베네딕도수녀원건너,12831.0647,3553.8202
금호2,12831.3464,3553.8001
매천역1,12832.5648,3554.7644
매천시장역1,12832.7273,3554.2347
매천시장역2,12832.7247,3554.2259
팔달역1,12832.8697,3553.8537
팔거역1,12833.54249,3556.680379
팔거역2,12833.5343,3556.6891
칠성시장앞2,12836.35462,3552.524498
매천대교3,12832.46867,3553.782225
칠곡운암역1,12833.3229,3555.907
칠곡운암역2,12833.32865,3555.91545
노곡교1,12833.9822,3554.0324
노곡교2,12833.97657,3554.029068
금호서한이다음아파트앞,12830.60732,3553.830129
금호서한이다음아파트건너,12830.70567,3553.814511
금호천년나무1단지앞,12830.88737,3553.84028
금호천년나무1단지건너,12830.89219,3553.828711
금호지구종점(시내방향),12830.5772,3553.796313
금호지구종점(종점방향),12830.56383,3553.782524
금호천년나무1단지동편,12830.98522,3553.927805
베네딕도수녀원,12831.12217,3553.830709
칠곡경대병원역건너,12833.56154,3557.603909
동서변월드메르디앙아파트정문,12835.8014,3555.120141
만평네거리2,12833.74103,3553.421854
무태조야동주민센터앞3,12835.9566,3555.3563
신성교,12836.4836,3552.5193
칠성시장(양친회신협)건너,12836.07816,3552.685234
조야초등학교앞,12834.61445,3554.537641
조야초등학교건너,12834.61081,3554.528508
칠곡경북대병원후문건너2,12833.95162,3557.392146
금호천년나무8단지앞,12830.56897,3553.865105
서부공업고등학교앞,12832.8597,3551.3461
내당코오롱아파트앞,12832.8132,3551.5031
내당코오롱아파트건너,12832.8151,3551.4963
내당광명아파트,12832.7752,3551.6287
중리광명맨션건너,12832.8501,3551.6989
중리광명맨션앞,12832.8464,3551.7064
퀸스로드건너(동편),12832.7716,3551.756
퀸스로드앞(동편),12832.7684,3551.7457
중리롯데캐슬서편,12832.7846,3551.942
중리롯데캐슬건너,12832.7843,3551.9911
중리네거리1,12832.7916,3552.0575
중리네거리2,12832.7886,3552.0888
중리롯데캐슬앞,12832.8379,3552.1374
중리시장앞,12832.901,3552.1622
서구문화회관건너,12832.8054,3552.2695
서구문화회관앞,12832.8015,3552.3462
평현치안센터건너,12832.8143,3552.4246
평리명성아파트앞,12832.822,3552.5761
평리명성아파트건너,12832.8169,3552.5757
서평초등학교건너,12832.7182,3552.7283
서평초등학교,12832.7766,3552.7194
이현삼거리1,12832.2992,3552.7192
이현삼거리3,12832.4705,3552.7061
이현자동차검사소앞,12832.3202,3552.4294
이현자동차검사소건너,12832.3366,3552.4346
서대구공단네거리1,12832.2583,3552.1573
서대구공단네거리2,12832.2783,3552.1735
신도운수앞,12832.1126,3552.1209
신도운수건너,12832.1108,3552.111
서대구공단네거리4,12832.3082,3552.1154
이현지구대앞,12832.5637,3552.1356
이현지구대건너,12832.6358,3552.1269
서대구공단네거리3,12832.247,3552.083
평화정공앞,12832.2411,3551.7383
평화정공건너,12832.2605,3551.7525
대구의료원건너,12832.4528,3551.525
대구의료원앞,12832.4384,3551.5284
퀸스로드건너,12832.6877,3551.6253
퀸스로드앞,12832.6889,3551.6358
죽전그린빌건너,12832.0285,3551.532
감삼네거리1,12832.9654,3551.3002
광장타운앞,12833.0898,3551.3467
광장타운건너,12833.1631,3551.3517
두류역(달성고등학교앞),12833.2865,3551.424
두류역(달성고등학교건너),12833.3115,3551.4111
내당삼익맨션건너,12833.4111,3551.631
내당삼익맨션앞,12833.4001,3551.6172
평리청구타운건너,12833.3679,3551.8742
평리청구타운앞,12833.3591,3551.8708
신평리네거리1,12833.3234,3552.1158
신평리네거리2,12833.3084,3552.1059
한국폴리텍VI대구대학건너,12833.3028,3552.3159
한국폴리텍VI대구대학앞,12833.2901,3552.3176
서구시장앞,12833.3008,3552.4663
서구시장건너,12833.2896,3552.4633
평리네거리1,12833.3026,3552.64
평리네거리2,12833.2879,3552.6483
북부정류장건너,12833.4619,3553.1614
서대구초등학교입구,12833.5491,3553.2757
비산7동우체국앞2,12833.5451,3553.2595
비산7동우체국앞1,12833.5831,3553.2819
비산7동우체국건너,12833.6147,3553.3153
만평네거리,12833.7361,3553.3496
원대역2,12834.40124,3553.276611
팔달시장건너,12834.2122,3553.3092
팔달시장역,12834.0127,3553.3369
삼익뉴타운앞,12833.0011,3551.7536
삼익뉴타운건너,12833.0582,3551.7666
진달래아파트앞,12833.1019,3552.1848
진달래아파트건너,12833.1576,3552.2061
평리광명맨션건너,12833.1189,3552.499
평리광명맨션앞,12833.168,3552.5094
평리6동주민센터앞,12832.9224,3552.4647
서부고등학교앞,12833.5245,3552.5391
서부고등학교건너,12833.5838,3552.5414
평리3동주민센터건너,12833.7217,3552.5412
평리중학교건너,12833.78074,3552.465978
서구청앞,12833.5229,3552.2722
서구청건너,12833.4968,3552.2603
신평리주유소앞,12833.5146,3551.8454
신평리주유소건너,12833.5203,3551.84
내당1동우체국건너,12833.7594,3551.9256
내당1동우체국앞,12833.7348,3551.9128
평리2동주민센터건너,12833.795,3552.1558
평리2동주민센터앞,12833.7991,3552.1473
황제맨션앞,12833.8451,3551.8337
황제맨션건너,12833.8511,3551.783
홈플러스내당점앞,12833.8682,3551.674
홈플러스내당점건너,12833.8643,3551.6521
현대해상건너,12833.7489,3551.5782
반고개1,12834.0864,3551.6733
새길시장건너,12834.2776,3551.8542
구)대영학원건너,12834.2582,3551.9904
구)대영학원앞,12834.2534,3552.0685
한전서대구지사앞,12834.2609,3552.2137
한전서대구지사건너,12834.2661,3552.211
서부시장앞,12834.2711,3552.4567
서부시장건너,12834.2639,3552.4976
대구은행북비산지점건너2,12834.2798,3552.6083
대구은행북비산지점앞,12834.2713,3552.6884
비산6동주민센터앞,12834.1714,3552.5569
비산6동주민센터건너,12834.1777,3552.5534
평리1동주민센터앞,12833.9113,3552.5477
평리1동주민센터건너,12833.8159,3552.5442
KT서대구지사앞,12833.8383,3552.3177
달서교회건너,12834.1193,3552.3364
서도초등학교앞,12834.0878,3552.0048
서도초등학교건너,12834.1174,3552.0029
평리광명네거리,12833.3692,3552.5397
비산지하도1,12834.3183,3552.857
대구제일고등학교건너,12834.4154,3552.3314
대구제일고등학교앞,12834.4382,3552.3177
큰장네거리1,12834.6944,3552.2676
큰장네거리2,12834.71,3552.245
큰장네거리3,12834.72,3552.2526
큰장네거리4,12834.7319,3552.2329
대구은행평리동지점건너,12833.0006,3552.7351
대구은행평리동지점앞,12833.0406,3552.7273
대평리시장,12833.5049,3552.7449
서부중학교앞,12833.4851,3552.7532
대평중학교건너,12833.6744,3552.7498
대평중학교앞,12833.6624,3552.7599
비산초등학교건너,12833.9388,3552.7716
비산초등학교앞,12833.9098,3552.7599
북비산네거리1,12834.1449,3552.7662
북비산네거리2,12834.2008,3552.7803
인동촌시장입구,12834.371,3552.7575
인동촌시장건너,12834.4596,3552.7479
북구청네거리1,12834.8376,3553.1377
서구제일사회복지관앞,12834.697,3553.1961
수정맨션앞,12834.2092,3553.2546
원대네거리,12834.3689,3553.1328
비원지구대건너,12834.4789,3553.0315
비원지구대앞,12834.497,3553.0232
달성초등학교앞,12834.71,3552.9234
달성초등학교건너,12834.7389,3552.907
비산지하도2,12834.3034,3552.8465
원대시장앞,12834.4561,3553.1426
원대시장건너,12834.442,3553.136
공단역2,12833.22513,3553.497858
대구의료원라파엘웰빙센터,12832.2551,3551.601
경운초등학교앞,12833.1825,3551.7774
경운초등학교건너,12833.2286,3551.7893
상리지하도1,12831.7823,3552.0622
상리지하도2,12831.773,3552.0634
경원고등학교앞,12831.5096,3551.8725
경원고등학교건너,12831.515,3551.8645
KT서대구지사건너,12833.8476,3552.3087
새길시장앞,12834.3065,3551.7893
이현삼거리2,12832.3691,3552.639
북부정류장,12833.3478,3553.0611
상리동입구1,12831.9236,3552.9213
상리동입구2,12831.9149,3552.9246
상리동종점,12831.7936,3553.0014
반고개(내당역4번출구),12834.0067,3551.6524
대구은행북비산지점건너1,12834.2812,3552.6744
달서교회앞,12834.0643,3552.3213
평리중학교앞,12833.7767,3552.4612
서진중학교건너,12833.1912,3552.7426
상리동종점2,12831.81368,3553.0004
비산5동주민센터,12834.18902,3553.07882
달서천하수종말처리장앞,12832.52214,3552.983275
달서천하수종말처리장건너,12832.53339,3552.974315
서부소방서,12833.22068,3552.92882
상리동입구,12832.1555,3552.70112
서도초등학교서편2,12833.82477,3551.996846
서도초등학교서편1,12833.81463,3552.002484
열병합발전소건너,12832.91519,3552.954255
열병합발전소앞,12832.914,3552.947037
대구의료원라파엘웰빙센터건너,12832.2403,3551.5875
상리동종점3,12831.6902,3552.9475
서대구고속버스터미널,12833.4565,3553.417
중리롯데캐슬정문앞,12832.98273,3551.982995
경덕여고,12833.0139,3551.8259
중리중학교,12833.0278,3551.8054
달서초교,12832.9856,3552.0212
중리시장건너1,12832.9587,3552.1119
중리시장건너2,12832.9717,3552.1021
금호화물자동차공영차고지,12831.93216,3553.136871
인지초등학교입구,12833.9169,3553.0631
비산웰빙하와이건너,12834.0237,3552.5534
비산웰빙하와이앞,12834.063,3552.5497
위생처리장1,12832.04509,3553.060616
위생처리장2,12832.03844,3552.996207
비산초등학교정문,12833.78648,3552.627866
평리6동주민센터건너,12832.91217,3552.455257
한국방송통신대학교건너,12829.599,3551.5549
한국방송통신대학교앞,12829.6783,3551.5614
계명문화대학앞,12829.5144,3551.5113
계명문화대학건너,12829.5317,3551.523
계명대학교동문건너1,12829.532,3551.3982
성서종합시장앞,12829.6967,3551.3363
성서종합시장건너,12829.6997,3551.3374
계명대학교동문앞,12829.5109,3551.2626
계명대학교동문건너2,12829.5291,3551.2385
계명대역(1번출구),12829.4083,3551.1105
계명대학교정문앞,12829.097,3551.1562
계명대학교정문건너,12829.0909,3551.1349
세원정공앞,12829.5319,3551.0147
STX메탈앞,12829.5059,3550.7721
STX메탈건너,12829.5334,3550.782
비철금속협업단지앞,12829.5319,3550.5123
모다아울렛앞,12829.5059,3550.3502
성서주공1단지건너,12829.6967,3551.0796
성서주공1단지앞,12829.7728,3551.103
서남시장앞1,12832.7219,3551.2046
서남시장건너,12832.7344,3551.1884
서부공업고등학교건너,12832.8605,3551.3413
기업은행죽전동지점건너,12832.2352,3551.4316
기업은행죽전동지점앞,12832.2508,3551.3858
죽전119안전센터앞,12832.2433,3551.142
죽전그린빌앞,12832.0497,3551.5233
2차서한화성타운앞,12831.7258,3551.5313
2차서한화성타운건너,12831.6654,3551.5219
용산2동주민센터앞,12831.3235,3551.5278
성서보성타운2차앞,12831.1646,3551.5373
성서보성타운2차건너1,12831.1617,3551.5257
대백한라무지개타운앞,12830.7983,3551.5434
대백한라무지개타운건너,12830.8334,3551.532
성서푸른마을아파트앞,12830.5176,3551.5518
성서서한2차타운1,12830.3955,3551.5381
성서동서서한타운건너,12830.1971,3551.5499
성서동서서한타운앞,12830.1498,3551.543
신당동주민센터건너,12829.9377,3551.5575
신당동주민센터앞,12829.9622,3551.5472
성서주공2단지건너,12829.9347,3551.3336
성서주공2단지앞,12829.942,3551.3275
보성화성타운건너,12830.2219,3551.3278
보성화성타운앞,12830.1712,3551.3355
성서우방타운건너,12830.3529,3551.3203
성서우방타운앞,12830.3253,3551.334
성서우체국건너,12830.4245,3551.1841
성서우체국앞,12830.44604,3551.183742
성서한샘타운앞,12830.4474,3551.4767
성서서한2차타운2,12830.4367,3551.4694
동서화성타운건너,12830.6763,3551.318
동서화성타운앞,12830.6296,3551.3225
조달청앞,12830.8777,3551.3134
조달청건너,12830.867,3551.3218
성지중학교앞,12830.9235,3551.1959
성지중학교건너,12830.9341,3551.1761
이곡장미공원건너,12830.9265,3551.4587
이곡장미공원앞,12830.9219,3551.4488
영남우방타운1차앞,12831.0669,3551.3042
영남우방타운1차건너,12831.0303,3551.3187
성서청구타운건너,12831.2648,3551.3452
대백창신한라타운건너,12830.0735,3551.1089
대백창신한라타운앞,12830.0232,3551.123
성서산업단지역(2번출구),12830.3009,3551.1044
성서산업단지역(1번출구),12830.3116,3551.1238
이곡1동주민센터건너,12830.6427,3551.0609
이곡1동주민센터앞,12830.6107,3551.0841
성서초등학교앞,12830.7358,3551.0658
성서초등학교건너,12830.8548,3551.0429
평화타운건너,12831.0211,3551.0216
보람타운앞,12831.0959,3551.0429
보람타운건너,12831.2181,3551.0075
장성초등학교앞,12831.36725,3550.972985
장성초등학교건너,12831.4622,3550.9214
용산역(2번출구),12831.6682,3550.9229
용산역(1번출구),12831.6448,3550.9436
용산네거리1,12831.8883,3550.9572
용산네거리2,12831.8981,3550.9765
죽전네거리1,12832.0627,3550.9781
죽전네거리2,12832.1265,3551.0043
구병원앞,12832.5046,3551.0987
구병원건너,12832.4928,3551.1169
우방드림시티건너,12832.2377,3550.7968
본리치안센터건너,12832.2083,3550.5578
본리치안센터앞,12832.2312,3550.5549
덕인초등학교앞,12832.2044,3550.3667
덕인초등학교건너,12832.2264,3550.3391
본리네거리2,12832.2806,3550.239
성서농협남부지소,12832.4564,3550.2345
본리아카시아맨션,12832.5271,3550.2449
대구공업대학1,12832.7343,3550.2292
대구공업대학2,12832.7518,3550.2414
성당보성아파트앞,12832.6828,3550.2953
성당보성아파트건너,12832.6894,3550.3025
제일여자상업고등학교앞,12832.6916,3550.5381
제일여자상업고등학교건너,12832.68215,3550.506343
성당포스코더샵앞,12832.8929,3550.6049
성당포스코더샵건너,12832.8368,3550.6107
성당두산위브앞,12832.68648,3550.657307
성당코오롱하늘채2,12832.67576,3550.666315
대구광역시교육연수원건너,12832.72,3550.8258
대구광역시교육연수원앞,12832.7079,3550.8321
감삼초등학교건너,12832.7924,3550.9458
감삼초등학교앞,12832.777,3550.9314
두류정수사업소앞,12832.8749,3551.0591
두류정수사업소건너,12832.8838,3551.0849
구)서대구세무서,12832.9203,3551.1819
성당코오롱하늘채,12832.5638,3550.6105
성당래미안·e-편한세상앞,12832.5644,3550.6043
본리초등학교앞,12832.3549,3550.6132
본리초등학교건너,12832.3455,3550.6087
남대구IC1,12832.0607,3550.2356
남대구IC2,12831.9813,3550.2459
남부자동차종합시장앞,12831.3845,3550.2141
남부자동차종합시장건너,12831.3785,3550.2022
경희강재건너,12830.9967,3550.193
경희강재앞,12831.0272,3550.1797
중앙일보건너,12830.6,3550.1541
대구비지니스센터앞,12830.4291,3550.2151
대구비지니스센터건너,12830.4459,3550.2468
금복주건너,12830.426,3550.5058
금복주앞,12830.4443,3550.5714
내일교회건너,12835.3348,3549.739
내일교회앞,12830.9555,3550.333
성서119안전센터앞,12830.4291,3551.0242
성서119안전센터건너,12830.4428,3551.0288
대성공업앞,12830.426,3550.7591
대성공업건너,12830.4428,3550.7996
푸드웰건너,12829.95,3550.1072
한국산업인력관리공단건너,12830.3177,3550.1198
한국산업인력관리공단앞,12830.2689,3550.1339
푸드웰앞,12830.0323,3550.1244
본리네거리,12832.2052,3550.1636
본동시장앞,12832.2244,3550.0654
본동시장건너,12832.234,3550.0731
월성주공5단지앞,12832.1985,3549.9277
달서구청앞,12832.0243,3549.7854
달서구청건너,12832.0337,3549.7692
월성청구코아건너,12831.908,3549.6513
월성주공2단지앞,12831.6628,3549.7091
월성푸르지오앞,12831.695,3549.6587
월성2동주민센터앞,12831.6911,3549.8668
월성2동주민센터건너,12831.6601,3549.8526
월성주공4단지건너,12832.0088,3549.8786
월성주공4단지앞2,12831.9609,3549.8827
올림픽기념관앞,12832.4674,3550.0345
올림픽기념관건너,12832.4591,3550.0384
남부교육지원청건너,12832.7815,3550.031
남부교육지원청앞,12832.85575,3550.035476
대구공업대학건너,12832.683,3550.1793
대구공업대학앞,12832.678,3550.1615
송현2동주민센터건너,12832.6728,3549.9493
송현여중고교건너,12832.6705,3549.8256
송현여중고교앞,12832.6779,3549.8327
송현초등학교건너,12832.6321,3549.6138
상인화성파크드림건너,12832.8501,3549.3473
상인화성파크드림앞,12832.8484,3549.3474
월촌역(6번출구),12832.786,3549.4818
월촌역(7번출구),12832.7592,3549.4645
경북기계공고앞,12832.5951,3549.2928
경북기계공고건너,12832.5802,3549.2596
도시철도건설본부건너,12832.4321,3549.1915
도시철도건설본부앞,12832.4591,3549.1957
영남고등학교앞,12832.1109,3549.2731
영남고등학교건너,12832.2093,3549.1799
월성e-편한세상건너,12831.8787,3549.4803
월성e-편한세상앞,12831.9219,3549.4178
성모여성병원건너,12832.1142,3549.0991
성모여성병원앞,12832.1428,3549.0959
월배역(4번출구),12831.9083,3549.0149
월배역(3번출구),12831.9234,3549.0091
월배초등학교건너,12831.694,3548.9074
월배시장건너,12831.6204,3548.8911
월배시장앞,12831.5545,3548.8631
이마트월배점앞,12831.4249,3548.8902
이마트월배점건너,12831.4117,3548.9033
월성1동주민센터앞,12831.3631,3549.1791
월성1동주민센터건너,12831.358,3549.1868
월성자이앞,12831.5529,3549.2516
상인자이앞,12831.7448,3549.3038
아너스월성앞,12831.7437,3549.3049
보성은하타운앞,12832.0914,3549.4408
월성영남맨션앞,12832.0862,3549.4416
달서공고앞,12832.2944,3549.4881
달서공고건너,12832.3344,3549.5014
진천역(1번출구),12831.3096,3548.8235
진천역(2번출구),12831.2652,3548.8088
유천교(유천치안센터건너),12831.0165,3548.6923
유천교(유천치안센터앞),12831.0287,3548.6919
진천청구타운앞,12831.5073,3548.7302
진천청구타운건너,12831.5069,3548.7375
진월초등학교건너,12831.5795,3548.6052
진월초등학교앞,12831.5841,3548.6032
대곡주공8단지건너,12831.8302,3548.4384
대곡주공8단지앞,12831.7555,3548.4582
교대부설초등학교건너,12831.8924,3548.3519
교대부설초등학교앞,12831.9064,3548.3219
대곡주공7단지앞,12832.0209,3548.26
대곡주공6단지앞,12832.0135,3548.2675
대곡강산타운건너,12832.1232,3548.3093
대곡중학교앞,12831.9959,3548.4204
대곡중학교건너,12831.9709,3548.4324
대곡사계절타운건너,12832.2855,3548.3955
대곡사계절타운앞,12832.3002,3548.3989
대곡주공2단지앞,12832.4245,3548.3781
대곡주공1단지앞,12832.4409,3548.3921
기업은행대곡지점앞,12832.1599,3548.5045
기업은행대곡지점건너,12832.1488,3548.4841
월배중학교건너,12832.0987,3548.8802
월배중학교앞,12832.1551,3548.8338
상인삼미타운건너,12831.9952,3548.9739
상인삼미타운앞,12831.9969,3548.9762
상인현대맨션건너,12832.3305,3549.0573
상인초등학교앞,12832.5066,3548.8663
상인동서타운앞,12832.63283,3548.784157
보성산호타운앞,12832.6321,3548.7174
보성산호타운건너,12832.6008,3548.6997
대동시장1,12832.3011,3548.6805
대동시장2,12832.2635,3548.6816
상인보라맨션앞,12832.759,3548.6458
상인보라맨션건너,12832.8054,3548.6162
월곡네거리,12832.8761,3548.5302
월배농협대덕지점건너,12832.7264,3548.7621
상인한서타운앞,12832.8229,3548.831
상인청구타운건너,12832.7811,3548.9562
상인청구타운앞,12832.7846,3548.9437
월촌초등학교앞,12832.6312,3548.9332
월촌초등학교건너,12832.6336,3548.9314
감삼네거리2,12832.9485,3551.2713
국민건강보험공단건너,12833.4936,3551.392
국민건강보험공단앞,12833.5461,3551.3457
이월드(구.우방랜드)정문,12833.6302,3551.2592
두류도서관앞,12833.6587,3551.2045
현대해상앞,12833.6733,3551.5341
반고개2,12834.1168,3551.663
서대구시장앞,12834.4031,3551.6412
서대구시장건너,12834.4044,3551.6554
성남초등학교앞,12834.289,3551.1891
성남초등학교건너,12834.2834,3551.188
이월드(구.우방랜드)후문건너,12834.0781,3551.3326
이월드(구.우방랜드)후문앞,12834.09,3551.3234
두류보성맨션앞,12833.9177,3551.4808
두류보성맨션건너,12833.9137,3551.491
장동초등학교앞,12831.9741,3550.6176
금봉네거리1,12833.1205,3550.6024
성당동주민센터건너,12832.9753,3550.61
금봉네거리2,12833.1746,3550.563
대구글로벌교육센터건너,12833.1708,3550.3687
대구글로벌교육센터앞,12833.1732,3550.3638
청구그린맨션1차건너,12832.973,3550.2354
청구그린맨션1차앞,12832.9739,3550.2232
서부정류장4(성당못역1번출구),12833.3197,3550.2293
서부정류장1,12833.3851,3550.2522
서부정류장3(성당못역1번출구),12833.3531,3550.2336
구)달성군청건너,12833.2926,3550.0455
송현제림타운건너,12833.0573,3550.0225
송현제림타운앞,12833.027,3550.0307
송현역(4번출구),12833.1786,3549.954
송현역(3번출구),12833.165,3549.9293
송현역(1번출구),12833.0664,3549.8228
송현역(2번출구),12833.0179,3549.7522
송현1동치안센터건너,12832.9587,3549.6996
앞산청구제네스앞,12832.9049,3549.6208
앞산청구제네스건너,12832.8721,3549.5998
중소기업지원센터,12833.3213,3549.9451
송현공원건너,12833.3929,3549.8185
송현공원앞,12833.3692,3549.8427
장관빌라건너,12833.5311,3549.7216
장관빌라앞,12833.5734,3549.6842
송현교,12833.3645,3549.5659
대덕승마장건너,12833.221,3549.4107
대덕승마장앞,12833.2204,3549.3851
청소년수련원건너,12833.1114,3549.2656
대서초등학교앞,12833.0467,3549.2272
청소년수련원앞,12833.062,3549.1854
월촌고가교2,12832.9184,3548.8847
월촌고가교1,12832.9382,3548.906
상인제림아파트앞,12832.9082,3548.7995
상인제림아파트건너,12832.9144,3548.8005
상인비둘기아파트건너,12833.0772,3548.5493
상인비둘기아파트앞,12833.0723,3548.5609
상인은행아파트건너,12833.0067,3548.4954
보훈병원건너,12833.03689,3548.141301
보훈병원앞,12833.0521,3548.1765
상인장미아파트건너,12833.2954,3548.5019
상인장미아파트앞,12833.38573,3548.484168
앞산궁도장건너,12833.6534,3549.6945
두류공원네거리1,12833.9709,3550.8812
두류공원네거리2,12833.9615,3550.8709
성당동현장민원실앞,12833.5063,3550.3391
중앙일보앞,12830.7495,3550.1564
궁전아파트건너,12832.127,3550.6159
궁전아파트앞,12832.1236,3550.6131
성곡중학교건너,12831.2874,3551.6557
성곡중학교앞,12831.2959,3551.6544
용산1동주민센터건너,12831.8296,3551.3324
용산1동주민센터앞,12831.8429,3551.3025
우방죽전타운건너,12831.82904,3551.075346
우방죽전타운앞1,12831.8366,3551.0717
세강병원앞,12833.133,3550.2189
상인우방아파트,12832.4815,3548.899
토지주택공사건너,12832.748,3548.505
토지주택공사앞,12832.6877,3548.4871
월광수변공원,12832.9272,3547.9085
장기초록나라앞,12831.8352,3550.692
장동초등학교건너,12831.92,3550.611
강창역(1번출구),12828.6255,3551.1963
호산초등학교앞,12828.688,3550.9388
삼성래미안1차앞,12831.1404,3548.4732
삼성래미안1차건너,12831.1249,3548.5004
용산종합큰시장건너,12831.8296,3551.4772
용산종합큰시장앞,12831.8398,3551.4334
삼성래미안2차앞,12831.4147,3548.4513
롯데백화점상인점건너,12832.3585,3549.1675
희성전자앞,12828.6896,3550.7156
계명대역(2번출구),12829.3182,3551.1013
대곡역(한라하우젠트건너),12830.7636,3548.5187
대곡역(한라하우젠트앞),12830.7615,3548.5356
삼성래미안2차건너,12831.4072,3548.4782
은행APT입구,12832.9756,3548.4303
월성주공4단지앞1,12831.8758,3549.9508
현대백조아파트앞,12831.84,3550.4735
대구전자공업고등학교1,12831.8388,3550.839
장기초등학교,12831.69565,3550.68919
용산2동주민센터건너,12831.3814,3551.5322
성서우방2차아파트,12830.9265,3551.3542
성서푸른마을아파트건너,12830.5389,3551.5373
모다아울렛건너,12829.5303,3550.3262
한국산업은행성서지점앞,12829.7256,3550.1003
우방송현하이츠건너,12832.5382,3549.5492
우방송현하이츠,12832.504,3549.5363
월성청구코아앞,12831.9039,3549.6593
서남시장앞2,12832.7759,3551.2257
한국산업은행성서지점건너,12829.6982,3550.1118
세원정공건너,12829.4998,3551.0067
강창역(2번출구),12828.6465,3551.1788
삼성명가타운건너,12828.5049,3551.2012
삼성명가타운,12828.4533,3551.1852
삼성한국형아파트앞,12828.6896,3551.0792
삼성한국형아파트건너,12828.6789,3551.0578
대곡강산타운,12832.13,3548.3057
상인은행아파트앞,12832.989,3548.4856
태왕아너스베스트앞,12831.5477,3549.2481
송현초등학교앞,12832.6421,3549.6111
한화꿈에그린앞,12829.4796,3551.8127
한화꿈에그린건너,12829.4849,3551.8906
호산초등학교건너,12828.6804,3550.9239
희성전자건너,12828.6789,3550.7072
명광산업건너,12828.6804,3550.5589
명광산업앞,12828.6896,3550.5707
금호기전,12828.6789,3550.4642
대홍철강,12828.688,3550.4272
한양정밀건너,12828.9001,3550.3735
한양정밀앞,12828.9322,3550.3826
성서협업단지건너,12829.0924,3550.3834
성서협업단지앞,12829.126,3550.3731
한국환경자원공사건너,12829.1931,3550.1034
한국환경자원공사,12829.2191,3550.0912
모다아울렛,12829.3961,3550.1015
대구시설관리사업소,12829.3793,3550.0904
흥성정공건너,12829.9957,3549.5079
흥성정공앞,12829.9988,3549.5514
영진산업,12829.9942,3549.678
일심제약,12830.0003,3549.7829
성서공단물류센터,12829.9957,3549.8543
대구지료재생사,12830.0034,3549.9619
덴티스앞,12829.9988,3550.0298
와룡시장건너,12829.9942,3551.3672
와룡공원앞,12829.9988,3551.5141
와룡공원건너,12829.9942,3551.5072
경창산업,12830.4291,3550.0008
유림물산,12830.4443,3550.0095
삼보,12830.4306,3549.8493
쌍용머티리얼,12830.4413,3549.8592
세흥인쇄,12830.4306,3549.7162
경북크랑크,12830.4459,3549.7303
대천119안전센터앞,12830.4321,3549.5262
대천119안전센터건너,12830.4474,3549.5636
평안,12830.4321,3549.4095
풍국주정공업,12830.4413,3549.3851
현대금속,12830.2856,3549.2287
제일규산,12830.2979,3549.2226
㈜윔스건너,12830.4428,3549.1634
㈜윔스앞,12830.4611,3549.1631
아멕스,12830.7327,3549.4446
아멕스건너,12830.7022,3549.398
월암교2,12830.7465,3549.5823
월암교1,12830.7571,3549.5781
영일무역앞,12830.8929,3549.7219
영일무역건너,12830.9036,3549.7238
대중인벤트,12830.9525,3549.9283
영화,12830.9586,3549.9287
삼익THK건너,12830.957,3550.1331
삼익THK앞,12830.9494,3550.1274
한국타이어건너,12830.9479,3550.5531
한국타이어,12830.9555,3550.5486
능골건너,12830.9464,3550.919
능골1,12830.9525,3550.9171
농협하나로마트건너,12831.7496,3551.0134
롯데캐슬그랜드,12831.6308,3551.1201
대구지방법원서부지원,12831.6307,3551.1346
달구벌종합복지관앞,12831.4836,3551.2021
달구벌종합복지관건너,12831.4803,3551.1918
장산초등학교앞,12831.5755,3551.2462
장산초등학교건너,12831.5861,3551.2375
1차서한화성타운앞,12831.7349,3551.2475
현대백조아파트(북편),12831.9097,3550.5118
영남네오빌비스타,12831.9574,3550.5167
달서구새마을회건너,12832.1003,3550.5082
달서구새마을회앞,12832.1052,3550.5173
동본리중학교앞,12832.4161,3550.4065
동본리중학교건너,12832.4505,3550.401
달서종합시장건너,12832.5671,3550.3637
달서종합시장앞,12832.597,3550.3735
본리롯데캐슬,12832.7834,3550.3631
삼호아파트앞,12833.1171,3550.3126
남부초등학교건너,12833.1439,3550.6791
남부초등학교앞,12833.1315,3550.6971
상서고등학교건너,12833.1181,3550.8311
상서고등학교앞,12833.1033,3550.8245
두류공원(야외음악당건너),12833.2585,3551.0906
두류공원(야외음악당앞),12833.294,3551.1062
두류3동파출소건너,12833.4446,3551.2293
두류3동파출소앞,12833.463,3551.2352
이월드(구.우방랜드)건너,12833.73746,3551.346874
이월드(구.우방랜드)앞,12833.6278,3551.3177
두류파출소건너,12833.9122,3551.4079
두류파출소앞,12833.8702,3551.3889
성서청구타운앞,12831.2619,3551.3769
대구학생문화센터,12831.74826,3551.134871
우방드림시티앞,12832.2169,3550.7592
TCN대구방송건너,12831.8406,3550.1609
월성주공3단지,12831.8716,3549.9464
TCN대구방송앞,12831.846,3550.1677
현대백조아파트건너,12831.8285,3550.4504
성산초등학교앞,12831.0548,3551.4312
성산중학교앞,12831.0753,3551.4227
장기파랑새마을앞,12831.6813,3550.7148
장기영남네오빌,12831.6675,3550.8774
성서보성타운2차건너2,12831.0643,3551.5209
전자관,12836.5173,3554.414
유천포스코건너,12830.61411,3548.860004
유천포스코앞,12830.55008,3548.86178
성서4차산업단지앞1,12830.34038,3548.99558
대천교,12830.23688,3549.04208
유천교1,12830.87462,3548.69498
유천교2,12830.85332,3548.68892
우방죽전타운앞2,12831.84188,3551.01848
상인현대맨션앞,12832.373,3549.02018
장기초록나라건너,12831.8459,3550.72862
대구전자공업고등학교2,12831.8486,3550.87268
죽전119안전센터건너,12832.22942,3551.21252
대성테크앞,12830.18822,3549.48932
삼우섬유앞,12830.18948,3549.4868
삼성물류센터앞,12829.50188,3550.53722
신흥버스,12829.57682,3550.1138
조암초등학교앞,12831.6004,3549.491
월성코오롱하늘채앞,12831.3464,3549.4029
월성코오롱하늘채건너,12831.3461,3549.4131
조암초등학교건너,12831.6537,3549.5301
월배이안아파트건너,12831.2747,3549.1889
월배이안아파트앞,12831.2459,3549.1877
성서주공5단지앞,12831.25836,3551.482985
송현교2,12833.3961,3549.559
상인역e-편한세상앞,12832.0445,3549.3092
청남타운앞,12829.99248,3551.227891
조암네거리1,12831.1532,3549.2633
조암네거리2,12831.1533,3549.2508
용산역,12831.67323,3550.877598
장기초등학교1,12831.66464,3550.619501
장기초등학교2,12831.64173,3550.610714
대구전자공고남편,12831.76037,3550.805522
웃는얼굴아트센터1,12831.41899,3550.613626
웃는얼굴아트센터2,12831.42563,3550.612786
본리네거리3,12832.3069,3550.2542
성림첨단산업건너,12829.1428,3550.1985
성림첨단산업앞,12829.15308,3550.198145
월배힐스테이트앞,12831.18784,3549.108553
월배쌍용예가앞,12831.0559,3548.9951
월배쌍용예가건너,12831.0591,3548.9854
월배힐스테이트건너,12831.19,3549.0912
월배차량기지앞,12830.6944,3548.9697
월배차량기지건너,12830.694,3548.9778
청남타운건너,12829.9859,3551.23
상인2동주민센터건너,12832.1965,3548.7576
상화네거리,12832.17,3548.643
성당못역북편1,12833.4177,3550.3429
성당못역북편2,12833.3891,3550.3441
삼호아파트건너,12833.1358,3550.3164
성당초교앞,12832.8452,3550.3738
대진중고등학교건너,12831.2502,3548.3684
정부대구지방합동청사앞,12830.995,3548.2433
정부대구지방합동청사건너,12831.0371,3548.2287
대진중고등학교앞,12831.2283,3548.3479
정부대구지방합동청사후문1,12831.0678,3548.2852
1차서한화성타운건너,12831.7661,3551.2369
성서4차산업단지앞2,12830.2706,3549.0416
월배아이파크1차앞,12830.95054,3548.895533
진천역AK그랑폴리스아파트앞,12830.97842,3548.903801
e-편한세상월배앞,12831.39506,3549.642653
e-편한세상월배건너,12831.41008,3549.64164
정부대구지방합동청사후문2,12831.06855,3548.292178
서부정류장(관문시장건너)2,12833.39393,3550.196132
월촌역(7번출구)1,12832.77513,3549.486324
대곡주공5단지앞,12831.88654,3548.570604
대곡주공5단지건너,12831.93857,3548.593556
달서자동차검사소앞,12831.00114,3548.768833
달서자동차검사소건너,12830.9758,3548.774955
죽전네거리3,12832.22452,3551.073261
남도버스1,12831.63909,3548.465017
남도버스2,12831.6445,3548.4922
반고개역(3번출구),12834.429,3551.7416
대천공영차고지앞,12830.30602,3548.999875
성서국민체육센터앞,12830.37346,3551.554135
대구디지털산업진흥원건너,12834.9922,3551.2466
구남보건고등학교앞,12834.455,3551.4557
구남보건고등학교건너,12834.4601,3551.4541
굿모닝병원건너,12834.4352,3551.2613
경북여상건너,12835.4451,3551.3076
경북여상앞,12835.4333,3551.3364
서부정류장(관문시장건너),12833.3761,3550.1584
서부정류장(관문시장앞),12833.3956,3550.1751
구)달성군청앞,12833.34694,3550.090531
앞산궁도장앞,12833.66682,3549.685994
대덕문화전당앞,12834.6305,3549.9186
앞산빨래터공원,12833.8917,3549.959
대명역(2번출구),12833.8361,3550.342
대구광역시시설관리공단앞,12833.6237,3550.2995
대구광역시시설관리공단건너,12833.632,3550.2902
성명119안전센터건너1,12833.5133,3549.9903
성명119안전센터앞,12833.5537,3549.9889
한마음주유소앞,12833.6376,3550.0393
한마음주유소건너,12833.6787,3550.0601
대명6동주민센터건너,12833.9331,3550.091
대명6동주민센터앞,12833.9458,3550.0956
대덕천주교회1,12834.2076,3550.093
대덕천주교회2,12834.238,3550.0948
대덕천주교회3,12834.2828,3550.0719
앞산별자리체험학습장1,12834.2838,3549.9723
대덕천주교회4,12834.2792,3550.1209
KT남대구지사앞2,12834.2841,3550.2572
KT남대구지사건너2,12834.2823,3550.3165
대명역(1번출구),12833.9105,3550.3618
대명초등학교앞,12834.0635,3550.3606
대명초등학교건너,12834.1164,3550.3719
KT남대구지사앞1,12834.3315,3550.355
KT남대구지사건너1,12834.3536,3550.3635
안지랑네거리1,12834.5185,3550.3402
안지랑네거리2,12834.5156,3550.3529
서대명지구대앞,12834.7825,3550.2533
서대명지구대건너,12834.792,3550.2931
남명삼거리1,12834.7219,3550.1325
남명삼거리2,12834.6707,3550.131
룸비니유치원건너,12834.4429,3550.1169
룸비니유치원앞,12834.4488,3550.1167
현충삼거리1,12834.7693,3550.0245
대명중학교앞,12834.7123,3549.9445
대덕문화전당건너,12834.5556,3549.9362
대덕식당앞,12834.4418,3549.8833
앞산일신학원앞,12834.1294,3549.9259
대덕식당건너,12834.4237,3549.8299
대명중학교건너,12834.7596,3549.9465
남부도서관앞,12834.8801,3549.9706
충혼탑앞,12835.1089,3549.9847
충혼탑건너,12835.0739,3549.9979
대구차여성병원앞,12834.5158,3550.408
대구차여성병원건너,12834.4474,3550.4414
파크맨션건너,12834.3609,3550.5116
파크맨션앞,12834.305,3550.5382
대구가톨릭대학병원건너,12834.1626,3550.6708
대구가톨릭대학병원앞,12834.1479,3550.6729
성당동현장민원실건너,12833.5282,3550.3528
문화예술회관건너,12833.64,3550.5022
문화예술회관앞,12833.6643,3550.5434
두류수영장건너,12833.8744,3550.7266
두류수영장앞,12833.8892,3550.7456
문성병원앞,12834.1248,3550.885
문성병원건너,12834.1252,3550.8949
성당시장앞2,12834.3526,3551.0219
성당시장건너,12834.3344,3551.0199
굿모닝병원앞,12834.4345,3551.197
남산주유소앞,12834.5546,3551.0644
남산주유소건너,12834.5888,3551.0621
계명대대명캠퍼스후문건너,12834.7908,3551.0988
계명대학교대명캠퍼스후문앞,12834.8226,3551.1128
심인고등학교앞,12834.8865,3551.0482
심인고등학교건너,12834.8703,3551.0108
영남이공대학건너,12834.8017,3550.7765
영남이공대학앞,12834.8039,3550.7853
대구교통방송건너,12834.7963,3550.5066
대구교통방송앞,12834.8001,3550.5249
현충로역(3번출구),12834.9398,3550.4767
현충로역(4번출구),12834.9065,3550.4742
영대병원역(3번출구),12835.3512,3550.683
남부경찰서건너,12835.2255,3550.6179
영대병원역,12835.3026,3550.6551
대구고등학교건너,12835.4319,3550.8013
대구고등학교앞,12835.4237,3550.838
대구교육대건너,12835.4395,3551.078
대구교육대앞,12835.428,3551.1038
신신정비공장1,12835.6573,3550.7026
신신정비공장2,12835.7063,3550.7052
남구청건너,12835.8367,3550.692
대덕맨션앞,12835.793,3550.0413
앞산보성타운건너,12835.7011,3550.1475
봉덕변전소앞,12835.7093,3550.2433
대백프라자건너,12836.3434,3551.2972
대봉네거리1,12836.1557,3551.2639
대봉네거리2,12836.1651,3551.2427
대봉교회,12836.0491,3551.318
상수도중남부사업소건너,12835.913,3551.1736
상수도중남부사업소앞,12835.9067,3551.2322
미8군후문앞,12835.9147,3551.0857
미8군후문건너,12835.9117,3551.0845
이천새마을금고건너,12836.2558,3550.8138
이천치안센터건너,12836.2402,3550.8861
대구중학교앞,12836.2095,3551.0443
대구중학교건너,12836.1975,3551.0619
봉덕시장앞2,12836.2376,3550.7096
봉덕시장건너3,12836.2408,3550.7353
봉덕교회앞,12836.2445,3550.6025
봉덕교회건너,12836.2529,3550.5467
봉덕2동새마을금고앞,12836.2306,3550.5103
봉덕2동새마을금고건너,12836.1992,3550.5161
명보약국앞,12836.0174,3550.5363
남구청네거리1,12835.9876,3550.6893
봉덕시장건너2,12836.1195,3550.6738
봉덕시장앞1,12836.1588,3550.677
팔레스호텔앞1,12835.8781,3550.5006
경일여자중학교앞,12835.9386,3550.2453
경일여자중학교건너,12835.93917,3550.261232
미리내맨션앞,12836.0187,3550.0946
미리내맨션건너,12836.0217,3550.1014
고산골입구,12836.1466,3550.0523
효성타운앞,12836.2153,3550.0762
중동교1,12836.2989,3550.4705
심신수련장입구건너,12835.8749,3549.9656
심신수련장입구앞,12835.8684,3549.9545
앞산공원관리사무소앞,12835.3277,3549.7239
봉덕변전소건너,12835.709,3550.2808
대덕초등학교,12833.6367,3549.8433
남부경찰서앞,12835.1548,3550.5886
현충삼거리2,12834.7789,3550.0506
앞산공원관리사무소건너,12835.3305,3549.7239
태성맨션앞,12835.72648,3550.383134
태성맨션건너,12835.7214,3550.3734
골안골지하보도앞,12834.2331,3549.8707
팔레스호텔건너,12835.8799,3550.4984
앞산공원,12835.314,3549.8824
앞산일신학원건너,12834.0165,3549.9004
팔레스호텔앞2,12835.8882,3550.589
봉덕시장건너1,12836.1986,3550.6688
희망교1,12836.2978,3550.8566
골안골,12833.8835,3549.8468
삼성공원아파트건너,12833.8197,3549.7989
앞산힐스테이트앞,12836.0747,3550.4436
중동교2,12836.32,3550.4843
앞산힐스테이트건너,12836.0661,3550.4537
성당시장앞1,12834.2692,3550.9741
앞산보성타운앞,12835.7046,3550.128
남구청네거리2,12835.9691,3550.6841
명보약국건너,12836.05388,3550.53578
대구디지털산업진흥원앞,12834.9833,3551.2703
앞산별자리체험학습장2,12834.2824,3549.9741
대성유니드앞,12836.07572,3550.86488
대덕초등학교건너,12833.63743,3549.839677
성명119안전센터건너2,12833.5506,3549.9867
성명119안전센터건너2,12833.5506,3549.9867
봉명네거리1,12835.90715,3550.900145
봉명네거리2,12835.92034,3550.89976
봉명네거리3,12835.935,3550.867617
남구청앞,12835.8978,3550.769631
남구청건너,12835.91019,3550.769028
대성유니드건너,12836.13512,3550.856479
희망교2,12836.26775,3550.848118
성바울로성당앞,12835.6607,3549.9931
성바울로성당건너,12835.6025,3549.977999
범성학원,12837.4809,3550.6124
수성교2,12836.6218,3551.6413
범어쌍용예가건너,12837.3516,3551.2305
수성교1,12836.6265,3551.6244
수성네거리2,12837.1335,3551.5679
수성네거리1,12837.0876,3551.5825
범어역(2번출구),12837.3179,3551.5565
범어역(1번출구),12837.3095,3551.5713
수성구청앞,12837.7575,3551.5228
수성구청건너,12837.829,3551.5328
수성경찰서앞,12837.9784,3551.5202
수성경찰서건너,12838.0026,3551.534
경신고등학교앞,12838.2648,3551.5213
경신고등학교건너,12838.2353,3551.5355
범어4동주민센터앞,12838.5414,3551.5242
범어4동주민센터건너,12838.5473,3551.5385
남부정류장건너1,12838.8524,3551.4865
남부정류장앞1,12838.8973,3551.4811
남부정류장앞2,12838.9242,3551.4662
만촌육교1,12838.6798,3551.4786
만촌육교2,12838.6983,3551.4822
우방청솔맨션건너,12838.3605,3551.278
우방청솔맨션앞,12838.4149,3551.3148
만촌태왕리더스건너(남편),12838.8483,3551.7195
만촌천주교회앞,12838.6606,3551.7771
만촌그린빌라건너,12838.6864,3551.6554
동원초등학교앞2,12838.4842,3551.8008
동원초등학교건너,12838.4718,3551.7931
법원어린이집,12838.2876,3551.7116
도시철도수성구청역북편1,12838.1402,3551.6321
도시철도수성구청역북편2,12838.1421,3551.6168
그랜드호텔앞,12837.5352,3551.4316
그랜드호텔건너,12837.5657,3551.4317
여성메디파크,12837.5128,3551.2895
범어쌍용예가앞,12837.4245,3551.2332
수성롯데캐슬앞,12837.2175,3551.2462
수성롯데캐슬건너,12837.2059,3551.2426
수성시장네거리2,12836.92951,3551.267975
수성시장네거리1,12836.95807,3551.256032
동성초등학교앞,12836.8075,3551.2233
한가람타운건너,12836.6607,3551.2814
한가람타운앞,12836.6391,3551.2714
대구문화방송건너,12837.5976,3551.9315
대구문화방송앞,12837.6269,3551.9134
법원건너,12837.6005,3551.8146
법원앞,12837.6226,3551.7237
신천시장건너,12837.0884,3551.9516
신천시장앞,12837.0907,3551.9097
동일초등학교앞,12837.0383,3551.4473
동일초등학교건너,12837.0532,3551.4819
수성시장앞,12837.0274,3551.3269
수성시장건너,12837.0395,3551.3421
대구시교육청앞,12836.8383,3551.4727
우방신세계타운앞,12836.5281,3551.1134
남산고등학교앞,12836.51,3551.4997
화성쌍용타운앞2,12836.7006,3551.7856
대구중앙중학교앞,12836.8925,3552.0208
대구중앙중학교건너,12836.9084,3552.0582
효목네거리1,12838.7242,3552.5435
효목네거리2,12838.7543,3552.5327
수성시니어클럽앞,12838.8477,3552.3625
수성시니어클럽건너,12838.8854,3552.3362
만촌초등학교앞,12838.7134,3552.0444
청구시장북편건너,12838.645,3552.0057
청구시장북편,12838.6233,3551.9874
청구시장앞,12838.6385,3551.8541
차량등록사업소건너,12838.2946,3551.982
새범어아파트건너,12838.0616,3551.9453
새범어아파트앞,12838.0514,3551.9641
범어2동1,12838.138,3551.7622
범어2동2,12838.1376,3551.7778
동대구LPG충전소앞,12837.9193,3552.0257
동대구LPG충전소건너,12837.9389,3552.0269
우방만촌하이츠앞,12837.8579,3552.0769
동부중학교건너,12838.6223,3552.3301
동부중학교앞,12838.6174,3552.3421
송이어린이집앞,12838.7009,3552.1412
송이어린이집건너,12838.7024,3552.1432
상동교2,12836.4359,3549.9923
화성전문요양원건너,12836.4643,3549.8673
상동가압장건너,12836.5208,3549.6744
수성못코오롱하늘채,12836.64526,3549.427722
송원맨션앞,12836.6815,3549.3373
송원맨션건너,12836.7077,3549.2873
파동1차시장건너,12836.7448,3549.1997
파동1차시장앞,12836.7651,3549.1608
신세계주유소건너,12836.8154,3549.0511
신세계주유소앞,12836.8365,3548.9938
대자연맨션건너,12836.9486,3548.8508
대자연맨션,12836.9963,3548.7916
2차대자연맨션앞,12837.0928,3548.6748
파동우체국앞,12837.196,3548.538
화성파크뷰앞,12837.337,3548.3969
수성랜드1,12836.7322,3549.5577
수성랜드2,12836.7111,3549.5571
수성못앞,12837.0682,3549.5777
수성관광호텔앞,12837.3164,3549.5028
수성관광호텔건너,12837.2955,3549.5171
불교한방병원건너1,12837.4435,3549.4549
두산스포츠건너,12837.5336,3549.5762
한샘교회,12837.5488,3549.6681
두산동주민센터건너,12837.2738,3549.807
두산동주민센터앞,12837.22482,3549.782752
수성랜드건너,12836.9614,3549.7843
수성랜드앞,12836.90054,3549.75932
상동네거리,12836.636,3549.7104
수성못오거리1,12836.6079,3549.5926
수성못오거리2,12836.61602,3549.596857
상동천주교회앞,12836.6451,3549.824261
상동우체국앞,12836.674,3549.9455
상동우체국건너,12836.6706,3549.9547
상동시장앞,12836.5921,3550.082
중동시장앞,12836.5782,3550.4652
중동시장건너,12836.6617,3550.4491
중동네거리1,12836.8258,3550.435
중동네거리2,12836.8976,3550.4402
들안길초등학교앞,12837.0569,3550.4161
들안길초등학교건너,12837.066,3550.4258
SK리더스뷰건너,12837.2549,3550.4095
SK리더스뷰앞,12837.3342,3550.3924
대우트럼프월드수성앞,12837.41,3550.1427
TBC앞,12837.3942,3549.9454
TBC건너,12837.4237,3549.9523
황금네거리1,12837.4623,3550.3178
덕화중학교건너,12837.0132,3549.9035
덕화중학교앞,12836.9995,3549.9153
황금초등학교앞,12837.0092,3550.6562
황금초등학교건너,12836.9989,3550.6825
황금2동치안센터앞,12837.0086,3550.9098
황금2동치안센터건너,12836.9996,3550.9165
무궁화어린이공원입구건너,12837.011,3551.0687
무궁화어린이공원입구,12837.0061,3551.1087
무궁화LPG충전소건너,12836.79,3551.0566
무궁화LPG충전소,12836.8002,3551.0864
현대시장앞,12836.7727,3550.8815
현대시장건너,12836.7791,3550.8897
수성구보건소앞,12836.7478,3550.6377
수성구보건소건너,12836.7553,3550.6511
새마을금고중동지점,12836.7369,3550.5123
정화우방팔레스,12836.7148,3550.3133
광명프레지던트아파트건너,12836.7243,3550.3502
정화우방팔레스건너,12836.7099,3550.2042
수성초등학교,12836.69753,3550.147278
대구한의대학교부속한방병원앞,12836.4185,3550.2005
대구한의대학교부속한방병원건너,12836.4184,3550.242
청구중동아파트,12836.4619,3550.3765
중동서울아파트앞,12836.4889,3550.6251
수성동삼익맨션앞,12836.4993,3550.9813
중동주민센터건너,12836.8275,3550.8142
중동주민센터앞,12836.8681,3550.8187
약사회관건너,12837.0791,3550.7967
약사회관앞,12837.0483,3550.8078
황금시장건너,12837.2311,3550.7882
황금시장앞,12837.2318,3550.7961
어린이회관건너2,12837.4078,3550.7767
어린이회관앞,12837.503,3550.8489
대구고용노동청건너,12837.5162,3551.0196
수성구민운동장앞,12837.5274,3551.1914
대구고용노동청앞,12837.4815,3550.9474
어린이회관건너1,12837.4718,3550.8457
대구과학고등학교건너,12837.4576,3550.6571
대구과학고등학교앞,12837.4906,3550.6737
헬로TV대구방송건너,12837.5611,3550.3575
헬로TV대구방송앞,12837.5953,3550.3585
캐슬골드파크(1504동),12837.83859,3550.360847
캐슬골드파크(1102동),12837.85134,3550.380831
성동초등학교건너,12837.99802,3550.422731
황금우방1차앞,12838.2183,3550.428
황금우방1차건너,12838.1932,3550.4488
경북고등학교앞,12838.3404,3550.6263
경북고등학교건너,12838.3288,3550.6254
국립대구박물관건너,12838.3554,3550.7997
국립대구박물관앞,12838.3546,3550.8258
동도중학교앞,12838.3241,3550.9531
동도중학교건너,12838.3089,3550.9995
우방신천지타운건너,12838.411,3550.275
우방신천지타운앞,12838.4229,3550.2886
수성소방서1,12838.6383,3549.6682
수성소방서2,12838.6261,3549.5815
범물1단지건너,12838.5849,3549.4453
범물1단지앞,12838.5885,3549.451
지산타운앞,12838.4933,3549.3591
지산타운건너,12838.4962,3549.3617
범물한라주택건너,12838.3115,3549.2466
범물한라주택앞,12838.2607,3549.2351
지산현대주택앞,12838.0692,3549.2371
지산현대주택건너,12838.0744,3549.2283
지산목련아파트건너,12837.9395,3549.276
지산목련아파트앞,12837.9262,3549.2797
지산시영아파트1단지앞,12837.7487,3549.3355
지산시영아파트1단지건너,12837.7797,3549.3246
수성고등학교건너,12837.6068,3549.379
수성고등학교앞,12837.5568,3549.3882
불교한방병원건너2,12837.4544,3549.4263
한샘교회건너,12837.5336,3549.6094
지산중학교입구,12837.6297,3549.5667
동아스포츠센터(지산중학교앞),12837.7686,3549.5434
지산청구타운건너,12838.0249,3549.4579
지산청구타운앞,12838.0355,3549.4586
지산한라타운앞,12838.2019,3549.3805
지산한라타운건너,12838.2499,3549.366
동아백화점수성점건너,12838.41777,3549.236644
동아백화점수성점앞,12838.42606,3549.24555
범물청구맨션건너,12838.54722,3549.163966
범물청구맨션앞,12838.56217,3549.166127
범물두성타운건너,12838.9303,3548.9099
범물1동주민센터앞,12838.7436,3549.0814
범물1동주민센터건너,12838.7589,3549.0982
동아스포츠센터(지산초교앞),12837.88157,3549.54229
지산화성파크드림,12837.648,3549.6277
지산동서맨션앞,12838.0129,3549.5233
지산동서맨션건너,12838.0206,3549.5787
대구지방경찰청,12838.01351,3549.718628
교통연수원,12837.7919,3549.8115
교통연수원건너,12837.7823,3549.8055
수성아트피아건너,12837.5418,3549.8223
수성아트피아앞,12837.6518,3549.822
수성대학교앞,12839.0057,3551.3998
수성대학교건너,12839.0828,3551.3817
도시철도담티역(3번출구),12839.2372,3551.278
도시철도담티역(1번출구),12839.2367,3551.2989
대륜중고등학교앞,12839.4426,3551.1988
대륜중고등학교건너,12839.4762,3551.2089
만촌태왕리더스건너,12838.9292,3551.7654
만촌태왕리더스앞1,12838.9367,3551.8075
무열대앞,12838.9672,3552.0832
무열대건너,12838.9478,3552.0853
청기와주유소앞,12838.8745,3552.6559
망우당공원건너,12839.4602,3552.5521
만촌서한아파트건너,12839.12955,3551.214571
대청초등학교건너,12839.1445,3551.0309
한도아파트앞,12839.2436,3551.0417
만촌우방1차앞,12839.304,3551.012
만촌우방1차건너,12839.3654,3550.9944
담티고개1,12839.8945,3551.0531
담티고개2,12839.9207,3551.0606
방공포병학교앞,12840.1541,3550.8707
방공포병학교건너,12840.2145,3550.8544
연호동화훼단지1,12840.4264,3550.7206
연호동화훼단지2,12840.4266,3550.742
월드컵삼거리,12841.2415,3550.502
월드컵삼거리앞,12841.1662,3550.4986
고산농협창고앞,12841.3821,3550.5463
고산농협창고건너,12841.3683,3550.5599
고산2동주민센터건너,12841.7023,3550.5669
고산2동주민센터앞,12841.6727,3550.582
안심교(경산방향),12843.0033,3551.5902
안심교(반야월방향),12843.0016,3551.6077
성동앞,12843.331,3551.3292
성동건너,12843.3232,3551.3544
경북아파트앞(고산동),12841.9235,3550.5295
경북아파트건너(고산동),12841.9876,3550.5356
대구자연과학고앞,12842.1402,3550.4799
대구자연과학고건너,12842.1631,3550.4913
신매광장앞,12842.4194,3550.4101
신매광장건너,12842.4225,3550.428
신매시장,12842.5438,3550.297
신매초등학교건너,12842.5275,3550.2351
신매초등학교앞,12842.5212,3550.1928
시지중학교,12842.4633,3550.0141
고산도서관,12842.6537,3550.3005
시지보성아파트앞,12842.7307,3550.287
이마트경산점,12843.0876,3550.1729
사월역(4번출구),12843.044,3550.2027
대구시교육청건너,12836.8244,3551.4055
남산고등학교건너,12836.4969,3551.4132
화성쌍용타운건너,12836.7094,3551.8103
화성전문요양원앞,12836.4484,3549.8954
파동청구하이츠,12837.1843,3548.5606
수성4가동주민센터앞,12836.9915,3551.823
화성쌍용타운앞1,12836.8557,3551.7424
삼환맨션,12836.4865,3550.9997
들안길네거리2,12836.999,3550.4851
들안길네거리1,12837.0075,3550.4947
KT상동지사건너,12837.0094,3550.3609
KT상동지사앞,12837.0003,3550.3605
들안길1,12836.9995,3550.1972
들안길2,12837.0117,3550.1755
만촌2동주민센터,12838.83183,3551.609908
남부정류장건너2,12838.9171,3551.4528
고모역건너,12840.6852,3551.5029
가천동앞,12841.1192,3551.0846
시지천마타운앞,12842.4747,3550.0574
화성파크뷰건너,12837.3388,3548.3983
경기장네거리2,12841.1166,3549.994
경기장네거리1,12841.0941,3549.9738
대구스타디움건너,12841.4863,3549.9582
대구스타디움앞,12841.4831,3549.9351
자연과학고후문앞,12842.1108,3549.8726
자연과학고후문건너,12842.1095,3549.8513
사월보성2차앞,12842.8866,3550.3277
사월보성2차건너,12842.9173,3550.3443
이마트시지점앞,12842.2455,3550.3113
이마트시지점건너,12842.2577,3550.3334
상동천주교회건너,12836.55207,3549.734916
미래아트빌앞,12836.8605,3550.0939
청백다례원,12836.7798,3550.0916
상동교1,12836.4031,3550.1128
중동서울아파트건너,12836.4679,3550.6446
농협중앙회중동지점건너,12836.6679,3550.8329
농협중앙회중동지점앞,12836.6802,3550.8261
중동치안센터건너,12836.5098,3550.8433
신매태성아파트,12842.3401,3550.0999
신매태성아파트건너,12842.3462,3550.108
덕원고등학교건너,12842.3163,3549.7994
덕원고등학교앞,12842.284,3549.7936
삼덕동1,12840.7058,3549.9996
삼덕동2,12840.7139,3550.0211
고모동입구,12840.4218,3550.809
오성아파트,12840.4365,3550.8537
대덕마을앞,12840.1487,3549.7815
대덕마을건너,12840.0851,3549.7801
경북고등학교종점건너,12838.5399,3550.6236
경북고교종점,12838.52438,3550.685588
두리봉터널입구건너,12838.9985,3550.7871
두리봉터널입구,12838.9405,3550.8246
흥사단 대구지부건너,12838.3955,3551.6824
만촌1동주민센터,12838.3844,3551.9629
범물2동주민센터앞,12838.7039,3549.0322
범물2동주민센터건너,12838.7115,3549.0208
범물우방미진하이츠앞,12838.8412,3548.9437
성동초등학교앞,12837.97668,3550.431635
황금네거리2,12837.42745,3550.326864
대우트럼프월드수성건너,12837.4387,3550.112488
수성못건너,12837.0036,3549.5774
대구은행역(1번출구),12836.7593,3551.5988
우방아파트삼거리,12839.4016,3550.973
대청초등학교앞,12839.1319,3551.0354
소선여중건너,12839.1317,3551.12589
우방금탑아파트(서편),12839.176,3551.2689
2차대자연맨션건너,12837.0988,3548.6652
불교한방병원앞1,12837.4557,3549.4637
대구은행역(2번출구),12836.7626,3551.5819
중동치안센터앞,12836.5109,3550.8366
고산정수사업소건너,12841.9288,3549.8955
욱수초등학교건너,12842.4325,3549.9112
대공원역(1번출구),12840.82554,3550.566431
대공원역(5번출구),12840.8886,3550.5292
흥사단 대구지부앞,12838.3964,3551.6725
메트로팔레스2,12838.2361,3552.165
사월동(종점),12842.8424,3550.4867
수성태영데시앙앞,12837.077,3551.7769
동성초등학교건너,12836.8124,3551.2248
고모역앞,12840.6898,3551.5188
팔현마을,12840.1964,3552.0254
메트로팔레스1,12838.2461,3552.1735
매호성당건너,12842.6828,3550.4265
수성태영데시앙건너,12837.0678,3551.7452
수성하이츠,12836.8435,3551.6269
차량등록사업소앞,12838.2527,3552.0058
청구시장건너,12838.6316,3551.8654
수성못오거리5,12836.5601,3549.5392
지산영남맨션앞,12837.9517,3549.4118
지산우방아파트,12837.9593,3549.4122
동원초등학교앞1,12838.4312,3551.9515
만촌태왕리더스앞2,12838.8949,3551.7388
욱수초등학교앞,12842.41562,3549.84062
사월역(2번출구),12842.8944,3550.2238
시지(종점),12842.18642,3549.8357
수성구민운동장건너,12837.499,3551.1644
만촌태왕리더스북편,12838.82032,3551.809968
성동탱자나무마을건너,12843.2853,3550.5749
성동마을앞,12843.26289,3550.944259
성동마을건너,12843.25314,3550.912208
성동탱자나무마을앞,12843.2796,3550.5827
시지대성유니드앞,12843.4097,3550.3639
시지대성유니드건너,12843.4158,3550.3654
매호동서아파트앞,12842.66371,3550.511749
동문고등학교앞,12839.02181,3552.688413
만촌역(1번출구),12838.6893,3551.5448
불교한방병원앞2,12837.45,3549.4315
청구시장건너2,12838.74898,3551.835561
연호지,12841.0812,3550.3739
대흥동앞,12841.0157,3549.8767
대흥동건너,12840.9911,3549.8763
대구미술관건너,12840.4536,3549.779
대구미술관앞,12840.4741,3549.7615
대구시지노인전문병원앞,12842.589,3549.6982
대구시지노인전문병원건너,12842.62625,3549.666063
만촌자전거경기장,12839.3486,3552.4993
만촌화성파크스위트,12839.25241,3552.455596
연호역(3번출구),12840.3236,3550.7325
이천동(종점),12839.3131,3550.2901
이천동,12839.8032,3550.5352
연호동(종점),12840.0465,3550.193
연호동,12840.228,3550.4197
연호역(3번출구)건너,12840.3344,3550.7107
노변청구타운건너,12841.54757,3550.466795
노변중학교,12841.6993,3550.3033
수성월드메르디앙건너,12841.8787,3550.1006
수성월드메르디앙앞,12841.8849,3550.1014
노변중학교건너,12841.7027,3550.309
노변청구타운앞,12841.55707,3550.46321
연호지건너,12841.096,3550.3411
육상진흥센터앞,12840.7461,3549.7491
육상진흥센터건너,12840.854,3549.7611
소선여중앞,12839.1218,3551.1281
인터불고호텔,12839.5307,3552.3699
동문고등학교정문,12839.0157,3552.6243
동원초등학교후문앞,12838.36235,3551.868617
동원초등학교후문건너,12838.34323,3551.899034
대곡역(1번출구),12830.6686,3548.5363
대곡역(2번출구),12830.6751,3548.5324
대원고등학교,12830.4678,3548.4501
가창농협건너,12837.3876,3548.2758
가창농협앞,12837.3894,3548.2649
가창면사무소건너,12837.3334,3548.1713
가창면사무소앞,12837.3385,3548.1683
대구텍건너,12837.4034,3547.9621
중석타운건너,12837.549,3547.8279
중석타운앞,12837.5956,3547.7991
대일1리점촌마을,12838.9596,3545.8438
주1리1,12839.0582,3545.6452
삼산리입구앞,12839.394,3544.4269
삼산리(삼산교회앞),12839.6062,3544.1758
삼산리(삼산교회건너),12839.5865,3544.198
삼산리(범동교),12839.6328,3544.0219
우록리,12839.0012,3543.4457
대원고등학교건너,12830.5137,3548.4685
대구교도소건너,12830.1437,3548.3059
대구교도소앞,12830.1804,3548.3086
화원초등학교건너,12829.95,3548.2285
화원초등학교앞,12829.9701,3548.2253
화원농협주유소건너,12829.6932,3548.2911
화원농협주유소앞,12829.6569,3548.3004
화원삼주타운앞,12829.3256,3548.4522
화원삼주타운건너,12829.2893,3548.4568
성산리1,12829.1821,3548.4862
성산리2,12829.1447,3548.4896
달성중학교앞,12829.61512,3548.066831
달성중학교건너,12829.6005,3548.0717
화원고등학교앞,12829.33273,3547.895122
화원고등학교건너,12829.2236,3547.8378
설화리(시내방향),12829.105,3547.7587
설화리(시외방향),12829.1016,3547.7627
옥포간경리1,12828.2639,3547.4205
옥포간경리2,12828.2837,3547.4186
옥포농협앞,12827.71,3547.2923
본리2,12827.597,3547.2691
선녀곡앞(옥포),12827.1667,3547.0966
선녀곡건너(옥포),12827.1561,3547.0825
교항리앞,12826.94566,3547.031719
교항리건너,12826.95644,3547.019362
경서중학교건너,12826.04567,3546.86618
옥포농협강림지소건너,12825.8102,3546.7453
옥포농협강림지소앞,12825.8957,3546.7815
논공읍사무소건너2,12825.1892,3546.4108
달성예비군훈련장앞,12825.0076,3546.3158
달성예비군훈련장건너,12825.0089,3546.3251
삼리리1(논공),12824.4034,3545.9801
삼리리2(논공),12824.3973,3545.985
위천1리앞,12824.057,3545.7169
위천1리건너,12824.0494,3545.7207
상리공단,12824.6613,3544.6575
상리공단건너,12824.6048,3544.6812
하리(약산온천)건너,12825.1999,3544.2513
현풍할매곰탕건너,12826.7235,3541.6694
현풍할매곰탕,12826.7349,3541.6572
달성경찰서건너,12826.78927,3541.5295
달성경찰서,12826.8249,3541.4505
북동초등학교앞,12826.3565,3543.6558
북동초등학교건너,12826.3214,3543.6401
성원아파트앞,12826.889,3543.7958
성원아파트건너,12826.8967,3543.7897
대동금속건너,12827.3468,3544.1624
대동금속앞,12827.356,3544.1608
평화씨엠비앞,12827.8564,3544.4416
평화씨엠비건너,12827.8732,3544.45
달성군민운동장앞,12827.1301,3543.7511
달성군민운동장건너,12827.1378,3543.7466
평광3차아파트,12826.8478,3543.6176
평광3차아파트건너,12826.8524,3543.6123
달성산업단지건너,12827.7069,3543.7874
관리공단,12827.6474,3543.7492
대동공업,12827.4139,3543.5764
유신섬유네거리2,12828.0518,3543.9484
이천리(시내방향),12828.0986,3553.3384
이천리(시외방향),12828.1007,3553.3434
달천리(시내방향),12828.9341,3553.2428
달천리(시외방향),12828.9376,3553.2473
박곡리(시내방향),12829.1702,3553.0929
박곡리(시외방향),12829.1589,3553.1098
해랑교(시외방향),12829.7308,3553.2255
해랑교1,12829.7434,3553.23
방천리1,12830.4288,3553.278
대실역청아람앞,12828.0626,3551.3536
강창교1,12828.1316,3551.2852
대실역(1번출구),12827.87915,3551.504966
대실역(2번출구),12827.88023,3551.48439
매곡사거리2,12827.4952,3551.7458
건영캐스빌앞,12829.6287,3552.0829
다사농협주유소건너,12829.8059,3552.2575
다사농협주유소앞,12829.8089,3552.2696
서재보성타운건너,12829.8005,3552.6056
서재보성타운앞,12829.8093,3552.5992
성주사앞,12829.9229,3552.8855
단산리(종점),12839.6524,3545.9661
문양리입구1,12825.4561,3552.0202
문양리입구2,12825.4632,3552.0358
성주사건너,12829.9144,3552.8898
서재금봉타운,12829.8445,3552.4341
서재금봉타운건너,12829.8336,3552.4575
연화리1,12826.9954,3551.2403
명곡리1,12829.4189,3547.9633
명곡리2,12829.44105,3547.965318
천내우방1차,12829.951,3548.4223
천내영남맨션,12830.0085,3548.3605
논공읍사무소건너1,12825.2914,3546.4657
논공읍사무소,12825.2182,3546.4344
삼리1리1,12824.5316,3546.0762
금포초등학교건너,12825.4288,3546.5466
금포초등학교,12825.4547,3546.5511
논공삼거리2,12826.1383,3543.597
북리1,12826.6632,3543.7229
북리2,12826.6312,3543.7229
한국델파이건너,12827.0538,3543.8469
한국델파이앞,12827.0721,3543.8717
현풍농협,12826.6464,3541.8121
현풍주공아파트,12826.5747,3541.5062
현풍주공아파트2,12826.7685,3541.3937
냉천2리,12838.9539,3546.7614
상원리(마을회관),12839.7395,3546.7047
우록리(종점),12838.598,3543.3554
명곡지구입구앞,12829.3908,3547.8834
명곡미래빌3단지건너,12829.6839,3547.8442
대구텍앞,12837.4138,3547.9714
동곡리,12825.4179,3552.7621
달서중고등학교건너,12825.3294,3553.05
달서중고등학교,12825.2735,3553.1731
묘2리(고려정밀),12825.3186,3553.9197
묘1리,12825.2051,3554.208
하빈주유소앞,12825.4909,3553.4799
감문1리1,12825.7153,3553.6404
감문1리2,12825.7165,3553.6526
감문1리3,12826.1095,3553.8374
하빈면사무소앞,12826.711,3554.0954
하빈초등학교앞,12826.5504,3554.0458
하빈면사무소건너,12826.705,3554.1013
하빈우체국앞,12826.7403,3554.188
현내2리중방마을앞,12826.7038,3554.2963
현내2리중방마을건너,12826.6996,3554.2903
현내1리,12826.81464,3554.650152
무등2리,12827.0815,3554.8608
무등1리1,12827.6057,3555.2366
무등1리2,12827.5747,3555.2135
대평교회앞,12828.0271,3556.1416
해랑교건너,12830.1732,3553.092
해랑교2,12830.1554,3553.0882
교항2리회관,12826.7258,3547.2313
금계초등학교(교항리),12826.6556,3547.3648
옥포중앙교회앞,12826.5823,3547.4613
신당리,12826.506,3547.6498
옥포주유소앞,12827.5894,3547.2794
기세리,12829.3671,3546.2387
반송리,12829.6448,3545.3472
솔비식당입구맞은편,12826.8738,3545.3159
솔비식당입구,12826.8723,3545.3117
설화동(종점),12828.8803,3547.7531
화원고등학교(종점),12829.3413,3547.8027
명곡미래빌2단지건너,12829.6815,3547.9613
명곡미래빌3단지앞,12829.7376,3547.8417
명곡미래빌4단지,12829.9376,3547.9098
명곡미래빌1단지,12829.8959,3547.904319
홍천사입구,12828.9419,3548.5349
홍천사건너,12828.94245,3548.527312
화원유원지(사문진주막촌),12828.68139,3548.608433
다사고등학교앞,12827.73911,3551.648701
강창하이츠,12827.6305,3551.7254
매곡사거리1,12827.5686,3551.7608
다사읍사무소건너,12827.3256,3551.6778
부곡리,12826.4633,3551.1221
부곡리건너,12826.4474,3551.1148
문양리2,12826.1253,3551.4558
문양리1,12826.1102,3551.4378
동곡초등학교건너,12825.04017,3552.663222
동곡1리2,12824.8741,3551.8351
봉촌1리1,12824.4919,3551.6773
봉촌리,12824.1553,3551.6079
하산1리,12823.9953,3552.7503
세천리1,12828.3912,3552.559
다사읍사무소서재출장소앞,12829.6536,3552.3429
화원시장앞,12830.0484,3548.0605
화원시장건너,12830.0664,3548.0588
본리지구건너,12830.4271,3548.1443
본리지구앞,12830.4777,3548.1567
시립희망원,12830.6353,3548.2651
대곡역그린빌,12830.6495,3548.2705
정대1리(안매남),12834.4112,3546.1197
정대1리(바깥매남),12834.2781,3545.9219
정대2리마을회관앞,12833.4043,3544.8649
행정리(한천서원),12839.2911,3546.7766
행정리,12839.4021,3546.7557
상원리(전평못식당),12839.4457,3546.4353
단산리입구,12839.2023,3546.2854
오설리,12821.8842,3540.6937
동아제약건너,12828.0975,3544.4012
동아제약,12828.0979,3544.386
샤니삼거리2,12827.7222,3544.0315
샤니삼거리1,12827.7359,3544.0304
용연사,12830.6763,3545.1138
논공삼거리1,12826.1383,3543.6039
달성취수장건너,12825.6302,3543.9014
달성취수장앞,12825.528,3543.996
위천삼거리(현풍방향),12823.9212,3545.5822
성요셉요양병원건너,12827.1805,3543.3018
성요셉요양병원앞,12827.1942,3543.3002
박석진교,12826.2268,3542.4213
성하리,12826.2787,3542.2909
현풍삼거리,12826.3351,3542.0361
현풍중고등학교,12826.3535,3541.8129
달성우체국건너,12826.3504,3541.6328
유가사(종점),12830.0812,3542.8192
도동서원,12822.3328,3542.1062
자모공원,12823.7259,3541.4886
달성소방서건너,12826.7883,3540.9286
신기리1,12826.5808,3540.1775
신기리2,12826.6083,3540.1836
대리마을회관,12825.6271,3539.9292
대리,12825.3616,3539.8567
내리1,12824.3668,3538.4178
목단리,12825.1511,3537.3829
수리리,12823.7823,3539.9021
징리보건소,12822.9263,3540.1321
고봉리,12826.2665,3538.982
평촌리,12827.4902,3538.6162
한정리(한정초교건너),12827.3239,3538.8515
한정리(한정초교),12827.5009,3538.7688
달창저수지,12828.28155,3538.704615
대산,12830.5664,3538.3247
본말(종점),12830.6168,3538.5735
삼산지,12839.4508,3543.8538
삼산리(은지가든),12839.4594,3543.764
오리(양지마을),12835.6332,3547.2736
다사고등학교건너,12827.7217,3551.6459
매곡정수사업소건너,12827.0346,3551.2662
매곡(종점),12827.0159,3551.2906
대평2리,12827.9458,3556.0281
현풍운전시험장,12826.358,3542.1494
도동,12821.4859,3541.1331
힐크레스트입구,12837.6305,3547.7416
가천리,12827.1484,3539.5809
약산온천입구,12825.2365,3544.2387
경서중학교앞,12826.0483,3546.8601
옥포농협건너,12827.739,3547.2912
옥포초등학교앞,12827.8412,3547.3305
갈실마을회관종점,12827.2675,3545.3079
녹동서원앞,12838.792,3543.3818
우록리(선흥사입구),12839.1533,3543.4938
우록리(부곡장식당),12839.3668,3543.6025
봉촌2리,12823.5239,3551.6921
동곡초등학교앞,12825.0766,3552.6563
하빈농협동곡지점1,12825.2875,3552.6322
마비정벽화마을(종점),12832.4966,3546.7949
본리1리,12831.0608,3547.4758
명곡미래빌2단지앞,12829.7103,3547.9663
기곡(종점),12826.3877,3555.8657
하목정(종점),12824.4485,3552.9227
육신사,12825.024,3554.4905
달성군청건너,12825.824,3546.5172
달성군청앞,12825.8286,3546.5103
명곡1리입구1,12830.0583,3547.3923
명곡1리입구2,12830.0858,3547.3766
귀남지휴게소1,12830.7617,3546.1346
귀남지휴게소2,12830.7571,3546.1395
공단하수처리장앞,12826.3092,3543.4216
공단하수처리장건너,12826.2848,3543.4059
옥포무지개마을,12827.2476,3547.6665
약산온천,12825.5676,3544.5095
응암3리1,12825.6897,3538.5639
동촌역(구길),12838.9579,3553.1911
금사리하이빌APT건너,12839.3693,3553.0417
강정(종점),12827.8394,3550.5702
방천리2,12830.3721,3553.2484
옥포초등학교건너,12827.858,3547.3488
정대리(대구미술광장),12834.0326,3545.3056
오2리(음지머구),12836.0894,3547.3983
동곡1리3,12824.8605,3551.9697
동곡1리1,12824.8682,3551.8139
하산2리,12824.4435,3552.9255
무등2리입구건너,12827.0818,3554.8637
연화리2,12827.0385,3551.2887
구라리,12829.7741,3548.4527
화원유원지입구,12828.72647,3548.566279
대동공업건너,12827.417,3543.5673
본리1리동회관앞,12827.4277,3547.533
본리1리동회관건너,12827.4277,3547.5285
평촌2리,12826.947,3538.7253
목단1리,12825.1587,3537.4989
한정3리,12827.153,3539.3188
현풍고속도로밑,12826.2787,3542.321
하산스무지(종점),12824.9649,3553.4111
도의리,12827.7237,3539.6282
유곡리,12828.1067,3540.1714
유산리,12825.7645,3537.4199
예현2리마을회관,12826.3801,3538.1703
현풍시외버스터미널,12826.4709,3541.9502
유곡리(회차지),12828.2242,3540.1543
다사읍사무소앞,12834.2819,3549.9256
동서아파트건너,12827.86,3551.8619
동서아파트앞,12827.84445,3551.87625
힐크레스트남문앞,12837.7548,3547.5947
힐크레스트남문건너,12837.744,3547.6446
스파밸리2,12838.3115,3547.26938
스파밸리1,12838.3445,3547.2182
비슬산휴양림주차장,12830.349,3541.6289
성산3동,12828.8477,3548.5585
푸르밀대구공장,12828.17018,3544.39802
달성산업단지관리공단1,12827.2523,3543.80948
달성산업단지관리공단2,12827.26988,3543.80702
유신섬유네거리1,12828.0608,3544.01012
대리마을회관건너,12825.63152,3539.9324
구지면사무소건너,12824.79212,3539.54168
구지면사무소앞,12824.7947,3539.54138
내리2,12824.36882,3538.42022
내2리새마을회관앞,12824.56328,3538.23782
내2리새마을회관건너,12824.56508,3538.2386
문양기지창건너,12826.15952,3551.5373
문양기지창앞,12826.15712,3551.53628
문양역건너,12826.27088,3551.81378
문양역앞,12826.268,3551.80742
문양리(서부실),12826.16648,3552.4094
응암2리,12825.24002,3538.87808
응암3리2,12825.69932,3538.56068
구지농공단지1,12826.08602,3538.8413
구지농공단지2,12826.0832,3538.83428
응암1리1,12825.5588,3539.29568
응암1리2,12825.5573,3539.30162
매곡정수사업소앞,12827.13188,3551.48942
영남농업연구소콩연구,12826.67738,3554.42612
하빈우체국건너,12826.7387,3554.1806
기곡리1,12826.6331,3555.5273
기곡리2,12826.62638,3555.53288
봉촌1리2,12824.35862,3551.6954
봉촌1리3,12824.35718,3551.68898
옥포농협,12827.73908,3547.328
위천삼거리(논공방향),12823.94312,3545.6015
삼리1리2,12824.52968,3546.05678
창1리1,12825.1088,3539.5307
창1리2,12825.12872,3539.5322
하빈농협동곡지점2,12825.2504,3552.63098
감문1리4,12826.10978,3553.8434
하빈농협앞,12826.586,3554.04488
세천고개1,12828.73549,3552.581841
세천리2,12828.56582,3552.65678
세천리3,12828.5915,3552.66752
세천고개2,12828.72033,3552.585464
서재들,12829.1732,3552.41918
다사읍사무소서재출장소건너,12829.67702,3552.34268
응암3리입구,12825.8396,3538.568
냉천리1,12838.6263,3546.9656
냉천리2,12838.6223,3546.9175
대림생수,12838.7085,3546.623
가창중학교건너,12838.7546,3546.5065
가창중학교앞,12838.7632,3546.4434
가창초등학교건너,12838.8396,3546.2722
가창초등학교앞,12838.89884,3546.173999
대일1리마을회관건너,12838.9179,3546.0859
주1리2,12839.0823,3545.7222
주리(삼진식당),12839.0569,3545.4951
옥분리(구진터),12839.0813,3545.4954
주2리1,12839.0087,3545.3179
주2리(최정사입구),12838.9779,3545.2627
옥분리1,12838.9908,3545.1297
옥분리마을회관앞,12838.9979,3545.1456
옥산정미소,12839.0452,3545.0356
담안마을1,12839.1086,3544.8431
담안마을2,12839.1137,3544.8624
송정마을1,12839.1851,3544.6755
송정마을2,12839.1877,3544.6979
삼산리입구건너,12839.3927,3544.4679
샛터마을입구,12839.495,3544.9769
건영캐스빌건너,12829.7199,3552.1303
대실역(4번출구),12827.97382,3551.462682
매곡초등학교앞,12827.837,3551.6754
정대숲,12833.51065,3545.130964
무등1리3,12827.79655,3555.694315
묘2리(전마),12825.2901,3553.7095
이현고개삼거리,12827.5721,3552.8014
대림생수앞,12838.691,3546.6403
대1리용흥지건너,12825.92716,3539.996058
화남초등학교건너,12829.85884,3548.022716
화남초등학교앞,12829.8882,3548.0236
모개월앞,12826.54634,3555.726058
모개월입구,12826.54405,3555.718255
정대숲건너,12833.4231,3545.009
구삼폭포앞,12834.8373,3546.3216
구삼폭포건너,12834.83865,3546.294186
명곡지구앞,12829.4708,3547.995
교항2리마을입구,12826.79413,3547.108683
반송4교앞,12830.1923,3545.2691
반송4교건너,12830.18377,3545.266177
강정보(디아크문화관)건너,12827.93824,3550.591711
강정보(디아크문화관)입구,12827.93856,3550.586389
하빈농협건너,12826.4329,3554.003913
하빈농협입구,12826.4315,3553.9985
연젓마을입구,12826.7171,3555.1068
연젓마을건너,12826.71163,3555.109974
현풍농협건너,12826.65373,3541.795687
새마을입구,12836.41305,3547.590434
새마을건너,12836.4112,3547.5946
대실역청아람건너,12828.0172,3551.361
명곡미래빌5단지건너,12829.49675,3547.897208
명곡미래빌5단지앞,12829.5072,3547.8914
신세월입구,12824.16875,3537.035822
화원유원지건너,12828.70997,3548.5658
김흥리마을입구,12829.5814,3544.9098
달성소방서앞,12826.8042,3540.9235
목단2리,12824.5931,3537.0833
구룡촌건너,12835.04805,3546.751245
구룡촌앞,12835.0885,3546.790463
설티고개(달성공단방면),12828.9811,3544.6828
설티고개(옥포방면),12828.9626,3544.6627
봉촌낙동길입구,12823.6355,3551.684
봉촌낙동길입구건너,12823.6339,3551.6888
지산2길입구건너,12829.89516,3545.314769
지산2길입구,12829.8947,3545.3205
솔밭기세길입구,12829.4513,3545.7373
솔밭기세길건너,12829.449,3545.7263
화원고등학교(종점)2,12829.3258,3547.7997
하나원전문장례식장,12826.6206,3542.8176
김흥2리건너,12829.1546,3544.7778
김흥2리앞,12829.1623,3544.7722
용연사시설집단지구앞,12830.4017,3545.2227
용연사시설집단지구건너,12830.3858,3545.2316
푸르밀대구공장건너,12828.1534,3544.3921
본리근린공원건너,12827.9143,3544.1769
본리근린공원앞,12827.9012,3544.1765
서재들건너,12829.2525,3552.4273
다사체육공원앞,12828.691,3553.3748
다사체육공원건너,12828.6838,3553.3707
다사초등학교앞,12827.46969,3552.064864
현풍중고등학교건너,12826.3648,3541.7934
달성우체국앞,12826.3615,3541.6615
현풍주공아파트앞,12826.5752,3541.5194
매곡초등학교건너,12828.0504,3551.7247
다사주공아파트앞,12827.4102,3551.9853
다사주공아파트건너,12827.4156,3551.9908
다사초등학교건너,12827.4631,3552.0576
다사역(4번출구),12827.5413,3551.8534
퇴계마을앞,12839.0668,3547.2033
행정2리앞,12838.66717,3547.168465
퇴계마을건너,12839.069,3547.197
행정2리건너,12838.7703,3547.1821
다사역(3번출구),12827.17314,3645.899634
방천리환경자원사업소,12830.4675,3553.0461
노이2리건너,12825.74153,3639.686655
용화사건너,12825.9229,3639.655887
용화사앞,12825.91309,3639.660285
노이2리앞,12825.73121,3639.697551
행정1리앞,12839.25238,3546.90523
행정1리건너,12839.2581,3546.9036
사창마을앞,12826.7062,3538.8154
사창마을건너,12826.7184,3538.8143
달성기와앞,12828.1213,3544.1782
달성기와건너,12828.1112,3544.1789
정대숲앞,12833.4268,3545.0061
옥연지,12829.26507,3546.510205
옥연지건너,12829.26984,3546.520927
근린공원축구장건너,12825.12971,3538.383468
현풍터미널앞,12826.4828,3541.9787
구지청아람앞,12825.0381,3539.3004
근린공원축구장앞,12825.07671,3538.45888
한국클래드텍앞,12825.1839,3538.1686
한국클래드텍건너,12825.1921,3538.1739
(주)영화건너,12825.3982,3538.0203
신성중공업앞,12825.6668,3538.0294
서영기공앞,12825.79,3538.2339
서영기공건너,12825.77666,3538.264802
현대메카닉스앞,12825.5256,3538.3994
현대메카닉스건너,12825.5503,3538.3847
달성2차산업단지출장소건너,12825.3087,3538.3848
(주)영화앞,12825.3892,3538.0287
신성중공업건너,12825.6822,3538.0221
달성2차산업단지출장소앞,12825.3059,3538.3976
구지청아람건너,12825.059,3539.3015
현풍터미널건너,12826.4918,3541.9765
유가차천1,12826.913,3540.399
유가차천,12826.9142,3540.42
대1리용흥지앞,12825.89467,3540.003003
응암2리앞,12825.0532,3538.7516
응암2리건너,12825.0691,3538.7615
가창댐,12836.9406,3547.8702
가창댐1,12836.8181,3547.8998
대실역1,12827.86053,3551.371482
대실역2,12827.9009,3551.3983
죽곡2지구1,12827.8616,3551.1556
죽곡2지구2,12827.87427,3551.176331
대리마을앞,12825.2674,3539.8955
대구보훈요양원앞,12824.609,3553.192774
대구보훈요양원건너,12824.6155,3553.1822
신성에스앤티앞,12828.2185,3552.3703
동성에스티에스건너,12827.80593,3552.488571
한서기전앞,12827.8196,3552.7012
신성에스앤티건너,12828.2168,3552.3439
한서기전건너,12827.81431,3552.707434
동성에스티에스앞,12827.81304,3552.496173
에이스이노텍앞,12828.023,3552.2346
에이스이노텍건너,12828.0198,3552.2258
아주철강건너,12828.0025,3552.39
아주철강앞,12828.0033,3552.4071
강창교2,12828.1631,3551.2844
청아람푸르지오2단지1,12828.046,3551.0007
청아람푸르지오2단지2,12828.0548,3551.0044
교항리마을입구건너,12826.7971,3547.121601
화동초등학교건너,12830.5997,3548.0306
달성군선거관리위원회앞,12830.3331,3548.2777
달성군선거관리위원회건너,12830.3292,3548.2717
화동초등학교앞,12830.593,3548.0297
상당마을,12827.0362,3555.7878
터실마을,12826.1705,3555.2213
현풍면사무소앞,12826.8719,3541.8163
현풍면사무소건너,12826.87829,3541.804717
달성문화원앞,12827.03474,3541.895565
달성문화원건너,12827.02109,3541.909995
달성도서관입구,12826.76897,3542.028718
달성도서관건너,12826.7599,3542.0379
달성스포츠파크앞,12826.51076,3542.058518
달성스포츠파크건너,12826.5228,3542.0679
가태리마을회관앞,12828.3794,3538.9946
가태리마을회관건너,12828.3727,3538.9895
가태2리마을입구,12828.4319,3539.1344
학산아파트앞,12826.9445,3541.4916
학산아파트건너,12826.9844,3541.5685
대구경북과학기술원기숙사,12827.6778,3542.1988
세하건너,12827.4783,3541.1687
한국생산기술연구원앞,12828.2026,3541.4338
한국생산기술연구원건너,12828.187,3541.4754
국립대구과학관정문앞,12827.9742,3541.1201
국립대구과학관정문건너,12827.9856,3541.1163
IHL앞,12827.866,3540.9912
IHL건너,12827.8576,3540.9964
세하앞,12827.4638,3541.186901
대구경북과학기술원,12827.5175,3542.2517
김흥1리앞,12829.61296,3545.240119
김흥1리건너,12829.6222,3545.2316
무등보건진료소앞,12827.714,3555.4027
무등보건진료소건너,12827.7187,3555.4219
정대2리마을회관건너,12833.4177,3544.8744
정대2리(잿들마을)앞,12833.3376,3544.2904
정대2리(잿들마을)건너,12833.3281,3544.2776
정대2리(마내미골)종점,12833.0508,3543.9885
두천마을입구,12827.6586,3556.0414
두천마을건너,12827.6653,3556.0385
동곡치안센터앞,12824.9909,3552.6548
초곡리입구건너,12827.7063,3541.8126
초곡리입구앞,12827.7157,3541.8221
대구보훈요양원,12824.476,3553.4022
유가면사무소앞,12827.5843,3541.6217
유가면사무소건너,12827.5917,3541.6107
중뫼마을앞,12829.6845,3542.22
중뫼마을건너,12829.67986,3542.203956
용금공단앞,12827.8627,3540.8518
용금공단건너,12827.864,3540.8636
녹동서원건너,12838.7642,3543.3765
대암2리,12823.5519,3537.0649
차천네거리1,12826.94777,3540.403663
차천네거리2,12826.959,3540.394603
포산고등학교1,12826.98889,3541.358095
포산고등학교2,12826.99543,3541.344458
유곡사거리1,12827.61257,3540.472557
유곡사거리2,12827.59239,3540.471064
진아리채앞,12827.83878,3541.690077
하나리움앞,12827.82041,3541.761032
제일풍경채앞,12827.29997,3541.596401
제일풍경채건너,12827.31161,3541.587731
국립대구과학관후문앞,12827.81503,3541.199357
국립대구과학관후문건너,12827.79656,3541.206429
방천리공영차고지,12830.60359,3553.381135
창리입구1,12824.98653,3539.7662
창리입구2,12825.00073,3539.767127
다사농협세천지점앞,12828.5089,3552.4476
다사농협세천지점건너,12828.522,3552.4369
옥포지하차도1,12826.4372,3546.9405
옥포지하차도2,12826.4133,3546.9559
중흥S클래스건너,12827.9218,3541.9789
쌍계리,12828.0375,3542.1126
세천초등학교건너,12828.8334,3552.4997
세천초등학교앞,12828.7989,3552.4824
우록리건너,12839.0148,3543.4433
우록리(부곡장식당)건너,12839.3606,3543.5897
금포1교2,12825.4245,3546.2858
금포1교1,12825.427,3546.3311
노이3리1,12825.8058,3545.8466
노이3리2,12825.7958,3545.8357
비슬초등학교건너,12827.42448,3541.818324
비슬초등학교앞,12827.42193,3541.80608
고래들공원앞,12827.18599,3541.75844
고래들공원건너,12827.09733,3541.72005
비슬1번임시정류소,12827.91876,3541.35519
정대리(대구미술광장건너),12834.02537,3545.322745
금계초등학교(교항리)건너,12826.66067,3547.366268
옥포중앙교회건너,12826.58446,3547.467636
신당리2,12826.50542,3547.649812
옥포무지개마을앞,12827.24933,3547.668072
옥포농협2,12827.74141,3547.321171
음리,12828.9605,3541.807752
창리1,12825.07089,3539.884404
창리2,12825.09513,3539.899335
호촌2리(화원방향),12828.1164,3548.9545
호촌2리(다산방향),12828.1244,3548.9571
다산농협건너,12827.3099,3549.409
벌지보건소,12824.1438,3548.8067
벌지1리(종점),12823.497,3548.687
득성리(성산IC입구),12822.0139,3545.0729
기족리고령군,12820.8698,3544.8411
기산리고령군,12820.4165,3544.7451
사부2리(고령군),12818.84,3544.178
사부1리(고령군),12819.191,3544.2841
노곡리(종점),12824.6676,3550.5569
가야대학교앞,12815.4388,3542.8638
가야대학교건너,12815.4861,3542.915
다산농협앞,12827.2614,3549.3934
고령시외버스터미널앞,12816.2659,3543.7698
고령군청앞,12815.9027,3543.5825
고령시외버스터미널건너,12816.2476,3543.7679
호촌리1,12827.92592,3549.08282
호촌리2,12827.90288,3549.1055
다산주공아파트앞,12826.96412,3549.36428
다산주공아파트건너,12826.95788,3549.365
득성리마을회관,12822.48692,3545.10068
다산(종점),12827.03122,3549.702287
금류아파트2차(대구방향),12827.01526,3549.504998
금류아파트2차(고령방향),12827.0274,3549.5106
영진주유소,12833.0938,3557.8067
봉암리,12833.1295,3558.2374
봉암동,12833.115,3558.2298
태백주유소(칠곡군)1,12833.1876,3558.4217
마늘유통센터건너,12833.1846,3558.4417
송림사입구앞(칠곡군),12834.6222,3558.8902
송림사입구건너(칠곡군),12834.6085,3558.8821
동명파출소,12833.2194,3558.9025
새마을금고앞,12833.20581,3558.936659
동명면사무소,12833.19998,3559.039059
동명면우체국건너,12833.1945,3559.0291
방턱골,12835.7651,3600.7259
송림마을(칠곡군),12834.3582,3558.9054
다부동,12831.2193,3602.7795
다부리 전적기념관,12831.2423,3602.7667
학명리입구,12832.135,3602.3344
학명리 건너2,12832.82074,3601.435897
가산리,12833.0666,3600.5006
가산입구건너,12833.0849,3600.4635
삼산건너,12833.0935,3600.2937
삼산,12833.1104,3600.2617
동명초등학교입구,12833.2319,3559.2251
금암4리,12833.1765,3559.7984
추동교,12831.3505,3555.7156
칠곡농장,12830.417,3556.0583
송학리윗세뜸,12831.6872,3605.9707
금화리건너,12832.2434,3603.9228
다부1리,12832.0404,3603.3637
천평리,12832.3453,3604.7133
송학교입구,12830.9105,3606.4247
대구예술대학교,12830.5459,3601.9689
연호2동주민센터,12830.3521,3555.894
가좌삼거리,12836.1068,3600.0911
동부초등학교,12835.556,3600.3723
남원1리,12834.7795,3600.7781
남원2리,12835.1444,3600.699
법성삼거리,12835.68062,3560.19848
다예원,12835.79612,3560.1533
동명교통,12833.21822,3559.08998
동명성당건너,12833.4731,3558.8461
구덕네거리(상행),12834.1496,3558.8072
송림삼거리(상행),12835.019,3559.0385
대구은행연수원앞,12836.4616,3559.8887
동명성당,12833.4718,3558.8529
구덕네거리(하행),12834.1316,3558.8152
송림삼거리(하행),12834.97989,3559.066557
기성2리(상행),12835.6926,3559.8458
기성2리(하행),12835.6747,3559.8465
대구은행연수원건너,12836.4189,3559.9242
영진주유소건너,12833.0834,3557.8578
영진전문대학칠곡캠퍼스정문건너,12827.84877,3556.696513
영진전문대학칠곡캠퍼스정문,12827.88,3556.6979
남창마을입구,12835.13613,3600.707037
다예원건너,12835.7651,3600.150717
기성2리(가좌마을),12836.06787,3600.060933
구덕리동명저수지앞,12833.67265,3558.760883
송학2리사거리입구,12831.2936,3606.17716
구덕리(마을회관앞),12834.36786,3558.891268
송학리윗세뜸입구,12831.67369,3605.946033
현대공원,12831.22782,3602.476361
다부2리 예술대,12831.2568,3602.464737
정훈수목원건너,12830.8953,3602.174039
정훈수목원,12830.88876,3602.160316
학명리(등골마을건너),12832.38474,3602.068867
경운대종점,12828.0249,3609.749
경운대학입구,12828.0316,3609.7223
장천버스터미널 종점,12829.6679,3607.6545
상장1리,12830.1191,3606.9926
유환원룸,12828.49179,3609.589795
상림리입구,12829.37764,3609.042501
묵어리,12829.36285,3608.471746
하장3거리,12829.45444,3608.234075
하장1리,12829.62317,3607.877373
오상중고등학교,12829.75633,3607.422684
